--
-- PostgreSQL database dump
--

-- Dumped from database version 15.12
-- Dumped by pg_dump version 15.12

-- Started on 2025-05-24 21:54:32 MSK

SET statement_timeout = 0;
SET lock_timeout = 0;
SET idle_in_transaction_session_timeout = 0;
SET client_encoding = 'UTF8';
SET standard_conforming_strings = on;
SELECT pg_catalog.set_config('search_path', '', false);
SET check_function_bodies = false;
SET xmloption = content;
SET client_min_messages = warning;
SET row_security = off;

--
-- TOC entry 2 (class 3079 OID 16384)
-- Name: adminpack; Type: EXTENSION; Schema: -; Owner: -
--

CREATE EXTENSION IF NOT EXISTS adminpack WITH SCHEMA pg_catalog;


--
-- TOC entry 3702 (class 0 OID 0)
-- Dependencies: 2
-- Name: EXTENSION adminpack; Type: COMMENT; Schema: -; Owner: 
--

COMMENT ON EXTENSION adminpack IS 'administrative functions for PostgreSQL';


SET default_tablespace = '';

SET default_table_access_method = heap;

--
-- TOC entry 215 (class 1259 OID 24576)
-- Name: Student; Type: TABLE; Schema: public; Owner: postgres
--

CREATE TABLE public."Student" (
    "student_id " integer NOT NULL,
    full_name text NOT NULL
);


ALTER TABLE public."Student" OWNER TO postgres;

--
-- TOC entry 216 (class 1259 OID 24583)
-- Name: Student in group; Type: TABLE; Schema: public; Owner: postgres
--

CREATE TABLE public."Student in group" (
    "Group_id" integer NOT NULL,
    "Student_ID " integer NOT NULL,
    "Enrollment_Date" date NOT NULL
);


ALTER TABLE public."Student in group" OWNER TO postgres;

--
-- TOC entry 220 (class 1259 OID 24653)
-- Name: assessment; Type: TABLE; Schema: public; Owner: postgres
--

CREATE TABLE public.assessment (
    assessment_id integer NOT NULL,
    "Student_Id" integer NOT NULL,
    subject_id integer NOT NULL,
    practice_id integer NOT NULL,
    grade real NOT NULL,
    assessment_date date NOT NULL
);


ALTER TABLE public.assessment OWNER TO postgres;

--
-- TOC entry 224 (class 1259 OID 24703)
-- Name: classroom; Type: TABLE; Schema: public; Owner: postgres
--

CREATE TABLE public.classroom (
    classroom_id integer NOT NULL,
    type text NOT NULL,
    number integer NOT NULL
);


ALTER TABLE public.classroom OWNER TO postgres;

--
-- TOC entry 219 (class 1259 OID 24641)
-- Name: document; Type: TABLE; Schema: public; Owner: postgres
--

CREATE TABLE public.document (
    document_id integer NOT NULL,
    "student_ID" integer NOT NULL,
    document_type text NOT NULL,
    issue_date date NOT NULL,
    program_id integer NOT NULL
);


ALTER TABLE public.document OWNER TO postgres;

--
-- TOC entry 222 (class 1259 OID 24680)
-- Name: group; Type: TABLE; Schema: public; Owner: postgres
--

CREATE TABLE public."group" (
    group_id integer NOT NULL,
    program_id integer NOT NULL,
    max_size integer NOT NULL,
    start_date date NOT NULL,
    end_date date NOT NULL
);


ALTER TABLE public."group" OWNER TO postgres;

--
-- TOC entry 226 (class 1259 OID 24728)
-- Name: maintaining_disciplines; Type: TABLE; Schema: public; Owner: postgres
--

CREATE TABLE public.maintaining_disciplines (
    maintaining_disciplines_id integer NOT NULL,
    subject_id integer NOT NULL,
    teacher_id integer NOT NULL
);


ALTER TABLE public.maintaining_disciplines OWNER TO postgres;

--
-- TOC entry 221 (class 1259 OID 24663)
-- Name: practice; Type: TABLE; Schema: public; Owner: postgres
--

CREATE TABLE public.practice (
    practice_id integer NOT NULL,
    "Assessment_id" integer NOT NULL,
    student_id integer NOT NULL,
    type text NOT NULL
);


ALTER TABLE public.practice OWNER TO postgres;

--
-- TOC entry 229 (class 1259 OID 24792)
-- Name: program; Type: TABLE; Schema: public; Owner: postgres
--

CREATE TABLE public.program (
    program_id integer NOT NULL,
    name text NOT NULL,
    type text NOT NULL,
    duration_hours integer NOT NULL,
    completion_document_type text NOT NULL,
    assessment_type text NOT NULL
);


ALTER TABLE public.program OWNER TO postgres;

--
-- TOC entry 228 (class 1259 OID 24782)
-- Name: program_of_subject; Type: TABLE; Schema: public; Owner: postgres
--

CREATE TABLE public.program_of_subject (
    program_of_subject_id integer NOT NULL,
    program_id integer NOT NULL,
    subject_id integer NOT NULL
);


ALTER TABLE public.program_of_subject OWNER TO postgres;

--
-- TOC entry 217 (class 1259 OID 24617)
-- Name: request_for_data_change; Type: TABLE; Schema: public; Owner: postgres
--

CREATE TABLE public.request_for_data_change (
    bid_id integer NOT NULL,
    "Description" text NOT NULL,
    "Student_ID" integer NOT NULL
);


ALTER TABLE public.request_for_data_change OWNER TO postgres;

--
-- TOC entry 223 (class 1259 OID 24690)
-- Name: schedule; Type: TABLE; Schema: public; Owner: postgres
--

CREATE TABLE public.schedule (
    schedule_id integer NOT NULL,
    "subject_ID" integer NOT NULL,
    classroom_id integer NOT NULL,
    "group_Id" integer NOT NULL,
    activity_type text NOT NULL,
    class_number integer NOT NULL,
    schedule_date date NOT NULL,
    teacher_id integer NOT NULL,
    date date NOT NULL,
    "time" time without time zone NOT NULL
);


ALTER TABLE public.schedule OWNER TO postgres;

--
-- TOC entry 218 (class 1259 OID 24629)
-- Name: student_details; Type: TABLE; Schema: public; Owner: postgres
--

CREATE TABLE public.student_details (
    "Student_Id" integer NOT NULL,
    passport_data "char" NOT NULL,
    contact_info text NOT NULL,
    passport_issue_data date NOT NULL,
    passport_expiry_date date NOT NULL
);


ALTER TABLE public.student_details OWNER TO postgres;

--
-- TOC entry 225 (class 1259 OID 24716)
-- Name: subject; Type: TABLE; Schema: public; Owner: postgres
--

CREATE TABLE public.subject (
    subject_id integer NOT NULL,
    discipline_id integer NOT NULL,
    name text NOT NULL,
    hours integer NOT NULL,
    assessment_type text NOT NULL
);


ALTER TABLE public.subject OWNER TO postgres;

--
-- TOC entry 227 (class 1259 OID 24767)
-- Name: teacher; Type: TABLE; Schema: public; Owner: postgres
--

CREATE TABLE public.teacher (
    "teacher_Id" integer NOT NULL,
    full_name text NOT NULL,
    "position" text NOT NULL,
    disciplines text NOT NULL
);


ALTER TABLE public.teacher OWNER TO postgres;

--
-- TOC entry 3682 (class 0 OID 24576)
-- Dependencies: 215
-- Data for Name: Student; Type: TABLE DATA; Schema: public; Owner: postgres
--

COPY public."Student" ("student_id ", full_name) FROM stdin;
1	Алексеева Мария Ивановна
2	Иванов Пётр Сергеевич
3	Сидорова Анна Викторовна
4	Кузнецов Дмитрий Алексеевич
5	Новикова Елена Павловна
\.


--
-- TOC entry 3683 (class 0 OID 24583)
-- Dependencies: 216
-- Data for Name: Student in group; Type: TABLE DATA; Schema: public; Owner: postgres
--

COPY public."Student in group" ("Group_id", "Student_ID ", "Enrollment_Date") FROM stdin;
201	1	2023-09-01
202	2	2023-09-02
203	3	2023-09-03
\.


--
-- TOC entry 3687 (class 0 OID 24653)
-- Dependencies: 220
-- Data for Name: assessment; Type: TABLE DATA; Schema: public; Owner: postgres
--

COPY public.assessment (assessment_id, "Student_Id", subject_id, practice_id, grade, assessment_date) FROM stdin;
\.


--
-- TOC entry 3691 (class 0 OID 24703)
-- Dependencies: 224
-- Data for Name: classroom; Type: TABLE DATA; Schema: public; Owner: postgres
--

COPY public.classroom (classroom_id, type, number) FROM stdin;
1	Лекционная	101
2	Лаборатория	202
3	Компьютерный класс	303
4	Аудитория	404
5	Лекционная	105
\.


--
-- TOC entry 3686 (class 0 OID 24641)
-- Dependencies: 219
-- Data for Name: document; Type: TABLE DATA; Schema: public; Owner: postgres
--

COPY public.document (document_id, "student_ID", document_type, issue_date, program_id) FROM stdin;
1	1	Справка об обучении	2023-09-10	1
2	2	Академическая справка	2023-09-12	1
3	3	Диплом бакалавра	2023-09-15	2
4	4	Справка о прохождении практики	2023-09-20	2
5	5	Приложение к диплому	2023-09-25	3
\.


--
-- TOC entry 3689 (class 0 OID 24680)
-- Dependencies: 222
-- Data for Name: group; Type: TABLE DATA; Schema: public; Owner: postgres
--

COPY public."group" (group_id, program_id, max_size, start_date, end_date) FROM stdin;
201	1	25	2023-09-01	2024-06-30
202	1	30	2023-09-01	2024-06-30
203	2	20	2023-09-01	2024-06-30
\.


--
-- TOC entry 3693 (class 0 OID 24728)
-- Dependencies: 226
-- Data for Name: maintaining_disciplines; Type: TABLE DATA; Schema: public; Owner: postgres
--

COPY public.maintaining_disciplines (maintaining_disciplines_id, subject_id, teacher_id) FROM stdin;
1	101	1
2	102	2
3	103	3
\.


--
-- TOC entry 3688 (class 0 OID 24663)
-- Dependencies: 221
-- Data for Name: practice; Type: TABLE DATA; Schema: public; Owner: postgres
--

COPY public.practice (practice_id, "Assessment_id", student_id, type) FROM stdin;
1001	1	1	Производственная
1002	2	2	Учебная
1003	3	3	Преддипломная
1004	4	4	Учебная
1005	5	5	Производственная
\.


--
-- TOC entry 3696 (class 0 OID 24792)
-- Dependencies: 229
-- Data for Name: program; Type: TABLE DATA; Schema: public; Owner: postgres
--

COPY public.program (program_id, name, type, duration_hours, completion_document_type, assessment_type) FROM stdin;
1	Программа по математике	Бакалавриат	240	Диплом бакалавра	Экзамен
2	Программа по информатике	Бакалавриат	240	Диплом бакалавра	Зачёт
3	Программа по физике	Магистратура	120	Диплом магистра	Экзамен
\.


--
-- TOC entry 3695 (class 0 OID 24782)
-- Dependencies: 228
-- Data for Name: program_of_subject; Type: TABLE DATA; Schema: public; Owner: postgres
--

COPY public.program_of_subject (program_of_subject_id, program_id, subject_id) FROM stdin;
1	1	101
2	1	102
3	2	103
4	3	101
5	3	103
\.


--
-- TOC entry 3684 (class 0 OID 24617)
-- Dependencies: 217
-- Data for Name: request_for_data_change; Type: TABLE DATA; Schema: public; Owner: postgres
--

COPY public.request_for_data_change (bid_id, "Description", "Student_ID") FROM stdin;
1	Прошу изменить номер телефона в личных данных.	1
2	Неверная дата выдачи паспорта, прошу исправить.	2
3	Измените email в анкете.	3
4	Прошу обновить срок действия паспорта.	4
5	Прошу добавить новое место проживания.	5
\.


--
-- TOC entry 3690 (class 0 OID 24690)
-- Dependencies: 223
-- Data for Name: schedule; Type: TABLE DATA; Schema: public; Owner: postgres
--

COPY public.schedule (schedule_id, "subject_ID", classroom_id, "group_Id", activity_type, class_number, schedule_date, teacher_id, date, "time") FROM stdin;
1	101	1	201	Лекция	1	2024-09-02	1	2024-09-02	09:00:00
2	102	2	202	Практика	2	2024-09-02	2	2024-09-02	10:40:00
3	103	3	203	Лабораторная	3	2024-09-03	3	2024-09-03	12:20:00
\.


--
-- TOC entry 3685 (class 0 OID 24629)
-- Dependencies: 218
-- Data for Name: student_details; Type: TABLE DATA; Schema: public; Owner: postgres
--

COPY public.student_details ("Student_Id", passport_data, contact_info, passport_issue_data, passport_expiry_date) FROM stdin;
1	4	student1@example.com	2018-05-10	2028-05-10
2	4	student2@example.com	2019-06-15	2029-06-15
3	4	student3@example.com	2020-07-20	2030-07-20
4	4	student4@example.com	2021-08-25	2031-08-25
5	4	student5@example.com	2022-09-30	2032-09-30
\.


--
-- TOC entry 3692 (class 0 OID 24716)
-- Dependencies: 225
-- Data for Name: subject; Type: TABLE DATA; Schema: public; Owner: postgres
--

COPY public.subject (subject_id, discipline_id, name, hours, assessment_type) FROM stdin;
101	1	Математика	72	Экзамен
102	2	Информатика	64	Зачёт
103	3	Физика	60	Экзамен
\.


--
-- TOC entry 3694 (class 0 OID 24767)
-- Dependencies: 227
-- Data for Name: teacher; Type: TABLE DATA; Schema: public; Owner: postgres
--

COPY public.teacher ("teacher_Id", full_name, "position", disciplines) FROM stdin;
1	Смирнов Алексей Петрович	Доцент	Математика
2	Иванова Ольга Сергеевна	Профессор	Информатика
3	Петров Дмитрий Викторович	Преподаватель	Физика
\.


--
-- TOC entry 3498 (class 2606 OID 24587)
-- Name: Student in group Group_id; Type: CONSTRAINT; Schema: public; Owner: postgres
--

ALTER TABLE ONLY public."Student in group"
    ADD CONSTRAINT "Group_id" PRIMARY KEY ("Group_id");


--
-- TOC entry 3502 (class 2606 OID 24635)
-- Name: student_details Student_Id; Type: CONSTRAINT; Schema: public; Owner: postgres
--

ALTER TABLE ONLY public.student_details
    ADD CONSTRAINT "Student_Id" PRIMARY KEY ("Student_Id") INCLUDE ("Student_Id");


--
-- TOC entry 3496 (class 2606 OID 24582)
-- Name: Student Student_id; Type: CONSTRAINT; Schema: public; Owner: postgres
--

ALTER TABLE ONLY public."Student"
    ADD CONSTRAINT "Student_id" PRIMARY KEY ("student_id ");


--
-- TOC entry 3506 (class 2606 OID 24657)
-- Name: assessment assessment_id; Type: CONSTRAINT; Schema: public; Owner: postgres
--

ALTER TABLE ONLY public.assessment
    ADD CONSTRAINT assessment_id PRIMARY KEY (assessment_id);


--
-- TOC entry 3500 (class 2606 OID 24623)
-- Name: request_for_data_change bid_id; Type: CONSTRAINT; Schema: public; Owner: postgres
--

ALTER TABLE ONLY public.request_for_data_change
    ADD CONSTRAINT bid_id PRIMARY KEY (bid_id);


--
-- TOC entry 3514 (class 2606 OID 24709)
-- Name: classroom classroom_id; Type: CONSTRAINT; Schema: public; Owner: postgres
--

ALTER TABLE ONLY public.classroom
    ADD CONSTRAINT classroom_id PRIMARY KEY (classroom_id);


--
-- TOC entry 3504 (class 2606 OID 24647)
-- Name: document document_id; Type: CONSTRAINT; Schema: public; Owner: postgres
--

ALTER TABLE ONLY public.document
    ADD CONSTRAINT document_id PRIMARY KEY (document_id);


--
-- TOC entry 3510 (class 2606 OID 24684)
-- Name: group group_id; Type: CONSTRAINT; Schema: public; Owner: postgres
--

ALTER TABLE ONLY public."group"
    ADD CONSTRAINT group_id PRIMARY KEY (group_id);


--
-- TOC entry 3518 (class 2606 OID 24732)
-- Name: maintaining_disciplines maintaining_disciplines_id; Type: CONSTRAINT; Schema: public; Owner: postgres
--

ALTER TABLE ONLY public.maintaining_disciplines
    ADD CONSTRAINT maintaining_disciplines_id PRIMARY KEY (maintaining_disciplines_id);


--
-- TOC entry 3508 (class 2606 OID 24669)
-- Name: practice practice_id; Type: CONSTRAINT; Schema: public; Owner: postgres
--

ALTER TABLE ONLY public.practice
    ADD CONSTRAINT practice_id PRIMARY KEY (practice_id);


--
-- TOC entry 3524 (class 2606 OID 24798)
-- Name: program program_id; Type: CONSTRAINT; Schema: public; Owner: postgres
--

ALTER TABLE ONLY public.program
    ADD CONSTRAINT program_id PRIMARY KEY (program_id);


--
-- TOC entry 3522 (class 2606 OID 24786)
-- Name: program_of_subject program_of_subject_id; Type: CONSTRAINT; Schema: public; Owner: postgres
--

ALTER TABLE ONLY public.program_of_subject
    ADD CONSTRAINT program_of_subject_id PRIMARY KEY (program_of_subject_id);


--
-- TOC entry 3512 (class 2606 OID 24696)
-- Name: schedule schedule_id; Type: CONSTRAINT; Schema: public; Owner: postgres
--

ALTER TABLE ONLY public.schedule
    ADD CONSTRAINT schedule_id PRIMARY KEY (schedule_id) INCLUDE (schedule_id) DEFERRABLE INITIALLY DEFERRED;


--
-- TOC entry 3516 (class 2606 OID 24722)
-- Name: subject subject_id; Type: CONSTRAINT; Schema: public; Owner: postgres
--

ALTER TABLE ONLY public.subject
    ADD CONSTRAINT subject_id PRIMARY KEY (subject_id);


--
-- TOC entry 3520 (class 2606 OID 24776)
-- Name: teacher teacher_id; Type: CONSTRAINT; Schema: public; Owner: postgres
--

ALTER TABLE ONLY public.teacher
    ADD CONSTRAINT teacher_id PRIMARY KEY ("teacher_Id") INCLUDE ("teacher_Id");


--
-- TOC entry 3525 (class 2606 OID 24588)
-- Name: Student in group FK_Student_id; Type: FK CONSTRAINT; Schema: public; Owner: postgres
--

ALTER TABLE ONLY public."Student in group"
    ADD CONSTRAINT "FK_Student_id" FOREIGN KEY ("Student_ID ") REFERENCES public."Student"("student_id ") ON UPDATE CASCADE DEFERRABLE;


--
-- TOC entry 3531 (class 2606 OID 24658)
-- Name: assessment FK_Student_id; Type: FK CONSTRAINT; Schema: public; Owner: postgres
--

ALTER TABLE ONLY public.assessment
    ADD CONSTRAINT "FK_Student_id" FOREIGN KEY ("Student_Id") REFERENCES public."Student"("student_id ") ON UPDATE CASCADE DEFERRABLE;


--
-- TOC entry 3534 (class 2606 OID 24711)
-- Name: schedule FK_classroom_id; Type: FK CONSTRAINT; Schema: public; Owner: postgres
--

ALTER TABLE ONLY public.schedule
    ADD CONSTRAINT "FK_classroom_id" FOREIGN KEY (classroom_id) REFERENCES public.classroom(classroom_id) ON UPDATE CASCADE DEFERRABLE;


--
-- TOC entry 3526 (class 2606 OID 24685)
-- Name: Student in group FK_group_id; Type: FK CONSTRAINT; Schema: public; Owner: postgres
--

ALTER TABLE ONLY public."Student in group"
    ADD CONSTRAINT "FK_group_id" FOREIGN KEY ("Group_id") REFERENCES public."group"(group_id) ON UPDATE CASCADE DEFERRABLE;


--
-- TOC entry 3535 (class 2606 OID 24698)
-- Name: schedule FK_group_id; Type: FK CONSTRAINT; Schema: public; Owner: postgres
--

ALTER TABLE ONLY public.schedule
    ADD CONSTRAINT "FK_group_id" FOREIGN KEY ("group_Id") REFERENCES public."group"(group_id) ON UPDATE CASCADE DEFERRABLE;


--
-- TOC entry 3532 (class 2606 OID 24675)
-- Name: assessment FK_practice_id; Type: FK CONSTRAINT; Schema: public; Owner: postgres
--

ALTER TABLE ONLY public.assessment
    ADD CONSTRAINT "FK_practice_id" FOREIGN KEY (practice_id) REFERENCES public.practice(practice_id) ON UPDATE CASCADE DEFERRABLE;


--
-- TOC entry 3538 (class 2606 OID 24799)
-- Name: program_of_subject FK_program_id; Type: FK CONSTRAINT; Schema: public; Owner: postgres
--

ALTER TABLE ONLY public.program_of_subject
    ADD CONSTRAINT "FK_program_id" FOREIGN KEY (program_id) REFERENCES public.program(program_id) ON UPDATE CASCADE DEFERRABLE;


--
-- TOC entry 3529 (class 2606 OID 24804)
-- Name: document FK_program_id; Type: FK CONSTRAINT; Schema: public; Owner: postgres
--

ALTER TABLE ONLY public.document
    ADD CONSTRAINT "FK_program_id" FOREIGN KEY (program_id) REFERENCES public.program(program_id) ON UPDATE CASCADE DEFERRABLE;


--
-- TOC entry 3528 (class 2606 OID 24636)
-- Name: student_details FK_student_Id; Type: FK CONSTRAINT; Schema: public; Owner: postgres
--

ALTER TABLE ONLY public.student_details
    ADD CONSTRAINT "FK_student_Id" FOREIGN KEY ("Student_Id") REFERENCES public."Student"("student_id ") ON UPDATE CASCADE DEFERRABLE;


--
-- TOC entry 3527 (class 2606 OID 24624)
-- Name: request_for_data_change FK_student_id; Type: FK CONSTRAINT; Schema: public; Owner: postgres
--

ALTER TABLE ONLY public.request_for_data_change
    ADD CONSTRAINT "FK_student_id" FOREIGN KEY ("Student_ID") REFERENCES public."Student"("student_id ") ON UPDATE CASCADE DEFERRABLE;


--
-- TOC entry 3530 (class 2606 OID 24648)
-- Name: document FK_student_id; Type: FK CONSTRAINT; Schema: public; Owner: postgres
--

ALTER TABLE ONLY public.document
    ADD CONSTRAINT "FK_student_id" FOREIGN KEY ("student_ID") REFERENCES public."Student"("student_id ") ON UPDATE CASCADE DEFERRABLE;


--
-- TOC entry 3533 (class 2606 OID 24723)
-- Name: assessment FK_subject_id; Type: FK CONSTRAINT; Schema: public; Owner: postgres
--

ALTER TABLE ONLY public.assessment
    ADD CONSTRAINT "FK_subject_id" FOREIGN KEY (subject_id) REFERENCES public.subject(subject_id) ON UPDATE CASCADE DEFERRABLE;


--
-- TOC entry 3536 (class 2606 OID 24733)
-- Name: maintaining_disciplines FK_subject_id; Type: FK CONSTRAINT; Schema: public; Owner: postgres
--

ALTER TABLE ONLY public.maintaining_disciplines
    ADD CONSTRAINT "FK_subject_id" FOREIGN KEY (subject_id) REFERENCES public.subject(subject_id) ON UPDATE CASCADE DEFERRABLE;


--
-- TOC entry 3539 (class 2606 OID 24787)
-- Name: program_of_subject FK_subject_id; Type: FK CONSTRAINT; Schema: public; Owner: postgres
--

ALTER TABLE ONLY public.program_of_subject
    ADD CONSTRAINT "FK_subject_id" FOREIGN KEY (subject_id) REFERENCES public.subject(subject_id) ON UPDATE CASCADE DEFERRABLE;


--
-- TOC entry 3537 (class 2606 OID 24777)
-- Name: maintaining_disciplines FK_teacher_id; Type: FK CONSTRAINT; Schema: public; Owner: postgres
--

ALTER TABLE ONLY public.maintaining_disciplines
    ADD CONSTRAINT "FK_teacher_id" FOREIGN KEY (teacher_id) REFERENCES public.teacher("teacher_Id") ON UPDATE CASCADE DEFERRABLE;


-- Completed on 2025-05-24 21:54:32 MSK

--
-- PostgreSQL database dump complete
--

