--
-- PostgreSQL database dump
--

-- Dumped from database version 16.2
-- Dumped by pg_dump version 16.2

-- Started on 2025-04-03 16:02:18

SET statement_timeout = 0;
SET lock_timeout = 0;
SET idle_in_transaction_session_timeout = 0;
SET client_encoding = 'UTF8';
SET standard_conforming_strings = on;
SELECT pg_catalog.set_config('search_path', '', false);
SET check_function_bodies = false;
SET xmloption = content;
SET client_min_messages = warning;
SET row_security = off;

--
-- TOC entry 875 (class 1247 OID 16555)
-- Name: fuel_type; Type: TYPE; Schema: public; Owner: postgres
--

CREATE TYPE public.fuel_type AS ENUM (
    'petrol',
    'diesel',
    'electro',
    'АИ-95',
    'АИ-98',
    'ДТ'
);


ALTER TYPE public.fuel_type OWNER TO postgres;

--
-- TOC entry 869 (class 1247 OID 16536)
-- Name: transmission_type; Type: TYPE; Schema: public; Owner: postgres
--

CREATE TYPE public.transmission_type AS ENUM (
    'auto',
    'manual',
    'variator',
    'electro',
    'robotic'
);


ALTER TYPE public.transmission_type OWNER TO postgres;

SET default_tablespace = '';

SET default_table_access_method = heap;

--
-- TOC entry 226 (class 1259 OID 16593)
-- Name: accident; Type: TABLE; Schema: public; Owner: postgres
--

CREATE TABLE public.accident (
    id integer NOT NULL,
    instance_id integer NOT NULL,
    damage integer NOT NULL,
    date timestamp with time zone NOT NULL
);


ALTER TABLE public.accident OWNER TO postgres;

--
-- TOC entry 220 (class 1259 OID 16492)
-- Name: brand; Type: TABLE; Schema: public; Owner: postgres
--

CREATE TABLE public.brand (
    id integer NOT NULL,
    name text
);


ALTER TABLE public.brand OWNER TO postgres;

--
-- TOC entry 222 (class 1259 OID 16528)
-- Name: car; Type: TABLE; Schema: public; Owner: postgres
--

CREATE TABLE public.car (
    id integer NOT NULL,
    engine_id integer NOT NULL,
    transmission public.transmission_type NOT NULL,
    car_body_id integer NOT NULL,
    fuel_consumption real NOT NULL,
    info_id integer
);


ALTER TABLE public.car OWNER TO postgres;

--
-- TOC entry 224 (class 1259 OID 16561)
-- Name: car_body; Type: TABLE; Schema: public; Owner: postgres
--

CREATE TABLE public.car_body (
    id integer NOT NULL,
    clearence integer NOT NULL,
    trunk_volume integer NOT NULL,
    seats_count integer NOT NULL
);


ALTER TABLE public.car_body OWNER TO postgres;

--
-- TOC entry 221 (class 1259 OID 16511)
-- Name: car_info; Type: TABLE; Schema: public; Owner: postgres
--

CREATE TABLE public.car_info (
    id integer NOT NULL,
    brand_id integer NOT NULL,
    model text NOT NULL,
    description text NOT NULL
);


ALTER TABLE public.car_info OWNER TO postgres;

--
-- TOC entry 225 (class 1259 OID 16581)
-- Name: car_instance; Type: TABLE; Schema: public; Owner: postgres
--

CREATE TABLE public.car_instance (
    id integer NOT NULL,
    car_id integer NOT NULL,
    reg_code text NOT NULL,
    vin_code text NOT NULL,
    special_marks text,
    engine_code text NOT NULL,
    last_maintenance date,
    price integer NOT NULL,
    mileage integer NOT NULL,
    year integer NOT NULL
);


ALTER TABLE public.car_instance OWNER TO postgres;

--
-- TOC entry 219 (class 1259 OID 16479)
-- Name: client; Type: TABLE; Schema: public; Owner: postgres
--

CREATE TABLE public.client (
    id integer NOT NULL,
    full_name text NOT NULL,
    phone text NOT NULL,
    adress text NOT NULL,
    discount real,
    CONSTRAINT discount_check CHECK (((discount > (0)::double precision) AND (discount <= (1)::double precision)))
);


ALTER TABLE public.client OWNER TO postgres;

--
-- TOC entry 228 (class 1259 OID 16616)
-- Name: contract; Type: TABLE; Schema: public; Owner: postgres
--

CREATE TABLE public.contract (
    id integer NOT NULL,
    instance_id integer NOT NULL,
    client_id integer NOT NULL,
    price integer NOT NULL,
    collateral_value integer NOT NULL,
    date_start date NOT NULL,
    insurance_type text NOT NULL,
    insurance_cost integer NOT NULL,
    emp_returned integer
);


ALTER TABLE public.contract OWNER TO postgres;

--
-- TOC entry 229 (class 1259 OID 16664)
-- Name: contract_history; Type: TABLE; Schema: public; Owner: postgres
--

CREATE TABLE public.contract_history (
    id integer NOT NULL,
    contract_id integer NOT NULL,
    emp_id integer NOT NULL,
    date_end date
);


ALTER TABLE public.contract_history OWNER TO postgres;

--
-- TOC entry 217 (class 1259 OID 16445)
-- Name: employee; Type: TABLE; Schema: public; Owner: postgres
--

CREATE TABLE public.employee (
    id integer NOT NULL,
    full_name text NOT NULL
);


ALTER TABLE public.employee OWNER TO postgres;

--
-- TOC entry 223 (class 1259 OID 16547)
-- Name: engine; Type: TABLE; Schema: public; Owner: postgres
--

CREATE TABLE public.engine (
    id integer NOT NULL,
    capacity real NOT NULL,
    power integer NOT NULL,
    fuel_type public.fuel_type NOT NULL
);


ALTER TABLE public.engine OWNER TO postgres;

--
-- TOC entry 227 (class 1259 OID 16603)
-- Name: fine; Type: TABLE; Schema: public; Owner: postgres
--

CREATE TABLE public.fine (
    id integer NOT NULL,
    instance_id integer NOT NULL,
    info text,
    cost integer,
    date timestamp with time zone
);


ALTER TABLE public.fine OWNER TO postgres;

--
-- TOC entry 218 (class 1259 OID 16470)
-- Name: passport_history; Type: TABLE; Schema: public; Owner: postgres
--

CREATE TABLE public.passport_history (
    id integer NOT NULL,
    client_id integer NOT NULL,
    date_start date NOT NULL,
    date_end date,
    details text NOT NULL,
    CONSTRAINT date_check CHECK ((date_start < date_end)),
    CONSTRAINT details_check CHECK ((details <> ' '::text))
);


ALTER TABLE public.passport_history OWNER TO postgres;

--
-- TOC entry 215 (class 1259 OID 16399)
-- Name: position; Type: TABLE; Schema: public; Owner: postgres
--

CREATE TABLE public."position" (
    id integer NOT NULL,
    title text NOT NULL,
    responsibilities text NOT NULL
);


ALTER TABLE public."position" OWNER TO postgres;

--
-- TOC entry 216 (class 1259 OID 16415)
-- Name: positions_history; Type: TABLE; Schema: public; Owner: postgres
--

CREATE TABLE public.positions_history (
    id integer NOT NULL,
    emp_pos_id integer NOT NULL,
    emp_id integer NOT NULL,
    salary integer NOT NULL,
    date_start date NOT NULL,
    date_end date
);


ALTER TABLE public.positions_history OWNER TO postgres;

--
-- TOC entry 4907 (class 0 OID 16593)
-- Dependencies: 226
-- Data for Name: accident; Type: TABLE DATA; Schema: public; Owner: postgres
--

COPY public.accident (id, instance_id, damage, date) FROM stdin;
1	14	108967	2024-07-07 20:19:24+03
2	12	293932	2018-12-11 06:09:00+03
4	5	328944	2020-07-10 14:35:43+03
6	6	79982	2018-10-13 01:31:41+03
7	11	260342	2024-02-20 01:21:49+03
8	2	121309	2024-04-14 15:35:54+03
3	15	68618	2020-12-29 05:08:45+03
5	16	320469	2021-07-17 07:23:46+03
9	7	716988	2019-07-07 04:17:45+03
\.


--
-- TOC entry 4901 (class 0 OID 16492)
-- Dependencies: 220
-- Data for Name: brand; Type: TABLE DATA; Schema: public; Owner: postgres
--

COPY public.brand (id, name) FROM stdin;
6	Volkswagen
1	Toyota
2	Honda
3	BMW
4	Mercedes-Benz
5	Audi
7	Ford
8	Chevrolet
9	Hyundai
10	Kia
\.


--
-- TOC entry 4903 (class 0 OID 16528)
-- Dependencies: 222
-- Data for Name: car; Type: TABLE DATA; Schema: public; Owner: postgres
--

COPY public.car (id, engine_id, transmission, car_body_id, fuel_consumption, info_id) FROM stdin;
1	1	auto	1	7.8	1
2	2	auto	1	9.2	1
3	3	variator	2	7.1	1
4	4	variator	3	6.2	2
5	5	manual	4	6.8	2
6	6	robotic	3	5.9	2
7	7	auto	5	9.5	3
8	8	auto	6	7.8	3
9	9	auto	7	11.3	3
10	10	auto	8	6.8	4
11	11	auto	9	6.5	4
12	12	auto	10	8.9	4
13	13	auto	11	6.5	5
14	14	manual	12	6.2	5
15	15	robotic	13	7.1	5
16	16	manual	14	5.9	6
17	17	auto	15	6.4	6
18	18	robotic	16	6.7	6
19	19	auto	17	13.5	7
20	20	auto	18	11.8	7
21	21	auto	19	14.2	7
22	22	auto	20	12.3	8
23	23	auto	21	9.8	8
24	24	robotic	22	15	8
25	25	auto	23	7.4	9
26	26	manual	24	6.9	9
27	27	robotic	25	7.8	9
28	28	manual	26	6.1	10
29	29	auto	27	6.5	10
30	30	variator	28	5.8	10
\.


--
-- TOC entry 4905 (class 0 OID 16561)
-- Dependencies: 224
-- Data for Name: car_body; Type: TABLE DATA; Schema: public; Owner: postgres
--

COPY public.car_body (id, clearence, trunk_volume, seats_count) FROM stdin;
1	155	480	5
2	153	493	5
3	135	420	5
4	137	428	5
5	210	650	5
6	212	645	5
7	208	660	5
8	150	540	5
9	152	530	5
10	148	550	5
11	160	460	5
12	158	455	5
13	162	465	5
14	145	380	5
15	143	375	5
16	147	385	5
17	250	1700	5
18	245	1650	5
19	255	1720	5
20	120	320	4
21	122	310	4
22	118	330	4
23	185	550	5
24	183	540	5
25	187	560	5
26	160	500	5
27	158	495	5
28	155	490	5
\.


--
-- TOC entry 4902 (class 0 OID 16511)
-- Dependencies: 221
-- Data for Name: car_info; Type: TABLE DATA; Schema: public; Owner: postgres
--

COPY public.car_info (id, brand_id, model, description) FROM stdin;
1	1	Camry	Надёжный седан бизнес-класса с комфортным салоном и плавной подвеской
2	2	Civic	Компактный и экономичный автомобиль с современным дизайном
3	3	X5	Роскошный внедорожник с мощными двигателями и премиальным интерьером
4	4	E-Class	Элегантный бизнес-седан с высококачественными материалами отделки
5	5	A4	Динамичный премиальный седан с прогрессивными технологиями
6	6	Golf	Культовый хэтчбек с отличной управляемостью и практичностью
7	7	F-150	Мощный полноразмерный пикап для работы и активного отдыха
8	8	Camaro	Легендарный спортивный автомобиль с агрессивным дизайном
9	9	Tucson	Современный кроссовер с богатым оснащением и просторным салоном
10	10	Rio	Доступный компактный автомобиль с хорошей комплектацией
\.


--
-- TOC entry 4906 (class 0 OID 16581)
-- Dependencies: 225
-- Data for Name: car_instance; Type: TABLE DATA; Schema: public; Owner: postgres
--

COPY public.car_instance (id, car_id, reg_code, vin_code, special_marks, engine_code, last_maintenance, price, mileage, year) FROM stdin;
1	16	А123АВ78	XTA210990Y1234567	\N	ENG7A92B00453	2024-10-15	850000	120000	2015
2	7	В234ВС78	Y6TF51234A9876543	\N	ENG3C45D11234	2024-11-20	4200000	60000	2019
3	22	С345СТ78	Z7VG98765B4567890	\N	ENG9F01E22345	2024-12-05	3800000	50000	2017
4	3	Е456ЕК78	XWB654321C7890123	\N	ENG2H34F33456	2024-10-25	2100000	75000	2018
5	10	К567КМ78	YTC321098D2345678	\N	ENG5J67G44567	2024-11-10	3200000	90000	2017
6	16	М678МН78	ZUD210987E3456789	\N	ENG8K90H55678	2024-12-15	780000	120000	2015
7	25	Н789НО78	XVF987654F4567890	\N	ENG1L23I66789	2024-10-30	1850000	55000	2019
8	7	О890ОР78	YWG876543G5678901	\N	ENG4M56J77890	2024-11-25	4500000	60000	2019
9	13	Р901РУ78	ZXH765432H6789012	\N	ENG7N89K88901	2024-12-20	2800000	110000	2016
10	22	С012СХ78	XAI654321I7890123	\N	ENG0P12L99012	2024-11-05	3700000	50000	2017
11	4	Т123ТА78	YBJ543210J8901234	\N	ENG3Q45M00123	2024-12-10	2200000	45000	2020
12	10	У234УВ78	ZCK432109K9012345	\N	ENG6R78N11234	2024-10-20	3100000	90000	2017
13	16	Х345ХЕ78	XDL321098L0123456	\N	ENG9S01O22345	2024-11-15	800000	120000	2015
14	19	А456АК78	YEM210987M1234567	\N	ENG2T34P33456	2024-12-25	5200000	30000	2021
15	25	В567ВМ78	ZFN987654N2345678	\N	ENG5U67Q44567	2024-10-10	1950000	55000	2019
16	7	Е678ЕН78	XGO876543O3456789	\N	ENG8V90R55678	2024-11-30	4300000	60000	2019
\.


--
-- TOC entry 4900 (class 0 OID 16479)
-- Dependencies: 219
-- Data for Name: client; Type: TABLE DATA; Schema: public; Owner: postgres
--

COPY public.client (id, full_name, phone, adress, discount) FROM stdin;
1	Tripp Norville	+51 (393) 623-2058	35275 Springview Parkway	\N
2	Koressa Rapin	+62 (861) 730-6013	1128 Crownhardt Circle	\N
3	Tremaine Domotor	+86 (922) 846-6017	7155 6th Trail	\N
4	Eloisa Biaggioni	+964 (613) 667-5163	4937 Anniversary Place	\N
5	Aland Kuhlen	+98 (832) 788-4098	26970 Tennessee Way	\N
7	Parrnell Timlett	+57 (469) 279-7784	78 Oneill Circle	\N
8	Minnaminnie Cornick	+66 (265) 252-9747	4 Menomonie Junction	\N
9	Waldon Pessler	+977 (534) 374-1599	4 Sloan Lane	\N
10	Ardra Leamon	+420 (312) 318-0507	444 Hudson Junction	\N
11	Klarrisa Heggman	+994 (922) 196-0200	5639 Bobwhite Crossing	\N
12	Sarena Smeal	+593 (369) 366-9448	0 Calypso Plaza	\N
14	Nahum Larvin	+420 (443) 589-8990	513 Hazelcrest Hill	\N
15	Forrester Leitch	+27 (755) 227-6784	5 Vahlen Avenue	\N
16	Addie Lucian	+62 (718) 277-1976	64134 Mariners Cove Plaza	\N
17	Ritchie Leadbetter	+504 (647) 617-3794	68 Gateway Drive	\N
18	Savina Knutsen	+48 (367) 814-9637	73 Killdeer Place	\N
19	Mauricio Playfair	+51 (212) 328-2630	63 Sunnyside Hill	\N
20	Megen Dryden	+235 (578) 613-9254	1 Center Park	0.09
21	Gabie Matityahu	+63 (936) 721-1412	65 Mcbride Crossing	\N
22	Ardyth Edlestone	+351 (677) 991-6963	12 Nova Drive	\N
23	Slade Mundell	+221 (290) 965-9337	4670 Stephen Plaza	\N
24	Wilmar Witten	+1 (817) 623-4823	72 Sheridan Pass	\N
25	Ethelyn Vaadeland	+359 (941) 136-1612	5 Butternut Alley	\N
26	Udall Cordet	+86 (683) 765-2678	5 Larry Place	\N
27	Eilis Aubrey	+33 (935) 917-4339	57 Crownhardt Avenue	\N
28	Shela Danielut	+86 (966) 642-6833	79615 Logan Terrace	\N
29	Orville Knoles	+420 (632) 649-5186	4 Clyde Gallagher Park	\N
30	Hyman Hargrave	+351 (208) 243-0639	2432 Mcbride Trail	\N
31	Rafaela Haugh	+48 (266) 750-0122	15 Northview Crossing	\N
32	Myriam McElwee	+86 (977) 144-5897	48303 Forest Run Terrace	\N
33	Mickie Paxforde	+63 (889) 262-8639	1534 Lerdahl Parkway	\N
34	Guy Chenery	+62 (172) 232-8446	6961 Amoth Avenue	\N
35	Thekla Rosenfeld	+55 (940) 484-4482	168 Bunker Hill Terrace	\N
37	Nannette Lamberteschi	+86 (468) 385-9534	94849 Sugar Junction	\N
39	Zuzana Jeannot	+30 (723) 826-3575	668 Carey Court	\N
40	Ava Dumbrell	+385 (514) 219-6430	0 Packers Circle	\N
41	Peter Kupis	+389 (949) 158-4031	3 Green Junction	\N
43	Ivar Beelby	+351 (882) 656-1964	6 Macpherson Parkway	\N
44	Mellisa Mattia	+86 (282) 297-1872	3 Hollow Ridge Trail	\N
45	Lothaire Paladini	+62 (996) 490-7913	16315 Maple Wood Terrace	\N
47	L;urette Dommerque	+55 (640) 102-0875	1 Logan Alley	\N
48	Davis Colum	+86 (800) 578-3258	8 Dunning Court	\N
49	Winthrop Readwood	+1 (661) 243-4212	9649 Jenifer Trail	\N
50	Grenville Emm	+66 (174) 727-7387	9 Lien Drive	\N
51	Derrek Ammer	+86 (648) 188-7053	82822 Susan Way	\N
52	Wyn Bertolaccini	+54 (999) 121-0680	2 Stang Circle	\N
53	Jonas Trickey	+81 (596) 821-4142	5626 Express Place	\N
54	Harrison Skeel	+86 (942) 990-5255	59 Lakeland Court	0.22
55	Kare Ferronet	+420 (156) 613-3898	975 Colorado Trail	\N
56	Malvina Bevington	+46 (212) 436-3936	6 American Ash Lane	\N
57	Cleo Simkins	+86 (465) 653-0025	3125 Sommers Junction	\N
58	Nancee Durrad	+58 (879) 735-2715	47 Golden Leaf Road	\N
59	Cyrille Van Hove	+7 (553) 917-6382	480 Drewry Point	\N
60	Gaynor Burney	+216 (771) 614-0978	384 Luster Center	\N
61	Baryram Ripsher	+57 (638) 571-4313	74811 Monica Plaza	\N
62	Jeana Dossit	+233 (172) 626-0626	730 Independence Place	\N
63	Gonzalo Archer	+66 (670) 717-1032	98 Derek Court	\N
64	Kristian Harbord	+52 (413) 178-5252	1 Claremont Center	\N
65	Killy Conachy	+355 (732) 269-4813	01 Spenser Street	\N
67	Chrissie Tinson	+1 (309) 674-9529	7 Fisk Avenue	\N
68	Engracia MacTavish	+63 (587) 164-6555	78622 Tennessee Street	\N
69	Edyth Giffon	+1 (405) 427-1801	23104 Dakota Lane	\N
70	Agnola Chinge de Hals	+351 (773) 205-0007	17781 Grover Alley	\N
71	Branden Kitchaside	+86 (219) 734-8361	499 Di Loreto Drive	\N
72	Julie Grebert	+7 (967) 549-6432	618 Blue Bill Park Street	\N
73	Josiah Pratley	+57 (946) 754-5508	69093 Doe Crossing Alley	0.08
74	Queenie Withrop	+216 (197) 795-2857	75 Maywood Hill	\N
75	Ivory Senyard	+263 (594) 162-2022	21 Independence Trail	\N
76	Mathias Losano	+33 (415) 340-2898	083 Anhalt Center	\N
77	Emmery Knyvett	+46 (871) 700-3873	73 Arkansas Junction	\N
78	Raleigh Genicke	+86 (396) 200-3650	870 Karstens Crossing	\N
79	Johnathon Epp	+995 (154) 350-7736	61442 Mariners Cove Circle	\N
81	Val Owbridge	+351 (364) 503-1882	8224 Morrow Place	0.18
82	Lyman FitzGilbert	+86 (826) 872-9245	2320 Butternut Court	\N
84	Anabel Luckcuck	+86 (234) 954-5566	12044 Fairview Junction	\N
85	Bess Wanklin	+242 (501) 661-2383	6930 7th Way	\N
86	Bing Brazenor	+86 (260) 724-4185	43 Division Avenue	0.1
87	Wilmette Conrart	+385 (882) 173-7853	55 Onsgard Drive	\N
88	Valma Weathers	+380 (724) 768-1979	69960 Bluestem Avenue	\N
89	Britta Paolacci	+54 (359) 751-0181	1 North Circle	\N
90	Charita McKee	+63 (222) 304-2295	5 Stone Corner Way	\N
91	Codee Keely	+58 (393) 812-6728	963 Sachtjen Terrace	\N
92	Gilligan Kittless	+1 (904) 142-3576	4671 Chinook Lane	\N
93	Harriet Aubert	+66 (232) 824-4836	825 Cottonwood Parkway	\N
95	Cyndi Fenck	+352 (557) 864-1394	74 Kim Avenue	\N
96	Chrissy Jantet	+52 (774) 165-3141	024 Kipling Road	\N
97	Yulma Seabrocke	+86 (242) 335-6544	9 Mockingbird Circle	\N
98	Ynes Lorimer	+86 (340) 676-4313	76313 Susan Parkway	\N
99	Warden Muckart	+62 (481) 346-4857	54566 Butternut Parkway	\N
100	Rubetta Marsham	+598 (580) 340-7423	03 Artisan Parkway	\N
6	Berrie Shawyers	+970 (306) 858-3949	1 Clarendon Point	0.08
13	Sheeree Lepoidevin	+34 (746) 337-6678	833 Sunnyside Center	0.03
36	Henka Whyte	+62 (735) 261-2847	11 Hoard Street	0.01
38	Seth Van der Krui	+380 (392) 971-5053	707 Annamark Circle	0.06
42	Jandy Stonner	+1 (202) 252-5946	625 Portage Junction	0.07
46	Kata Roberti	+86 (265) 741-9532	18502 Eagan Alley	0.23
66	Hugo Monnoyer	+86 (294) 593-8098	16 Merry Point	0.22
80	Devon Iwaszkiewicz	+33 (560) 958-6003	1741 Waywood Alley	0.03
83	Clemmie Betton	+7 (523) 328-4636	93 Dayton Junction	0.06
94	Herta Ewebank	+7 (822) 116-2580	3 Leroy Road	0.05
\.


--
-- TOC entry 4909 (class 0 OID 16616)
-- Dependencies: 228
-- Data for Name: contract; Type: TABLE DATA; Schema: public; Owner: postgres
--

COPY public.contract (id, instance_id, client_id, price, collateral_value, date_start, insurance_type, insurance_cost, emp_returned) FROM stdin;
1	1	77	2400	15000	2022-02-01	КАСКО	42500	1
2	1	89	2400	15000	2022-05-16	КАСКО	42500	2
3	1	30	2400	15000	2022-06-25	КАСКО	42500	3
4	1	13	2400	15000	2022-09-10	КАСКО	42500	1
5	1	37	2400	15000	2023-01-04	КАСКО	42500	1
6	1	31	2400	15000	2023-03-22	КАСКО	42500	3
7	1	98	2400	15000	2023-05-31	КАСКО	42500	3
8	1	88	2400	15000	2023-08-14	КАСКО	42500	3
9	1	65	2400	15000	2023-10-25	КАСКО	42500	3
10	1	42	2400	15000	2024-01-25	КАСКО	42500	1
11	1	35	2400	15000	2024-04-15	КАСКО	42500	3
12	1	26	2400	15000	2024-06-26	КАСКО	42500	1
13	1	17	2400	15000	2024-09-03	КАСКО	42500	2
14	1	21	2400	15000	2024-12-03	КАСКО	42500	1
15	2	74	12600	75000	2021-02-01	КАСКО	160000	1
16	2	1	12600	75000	2021-03-19	КАСКО	160000	1
17	2	16	12600	75000	2021-06-22	КАСКО	160000	2
18	2	91	12600	75000	2021-08-26	КАСКО	160000	2
19	2	46	12600	75000	2021-10-25	КАСКО	160000	1
20	2	100	12600	75000	2022-02-12	КАСКО	160000	1
21	2	49	12600	75000	2022-04-30	КАСКО	160000	3
22	2	12	12600	75000	2022-06-08	КАСКО	160000	2
23	2	83	12600	75000	2022-08-17	КАСКО	160000	3
24	2	48	12600	75000	2022-10-23	КАСКО	160000	1
25	2	91	12600	75000	2023-02-13	КАСКО	160000	3
26	2	60	12600	75000	2023-04-04	КАСКО	160000	1
27	2	82	12600	75000	2023-05-09	КАСКО	160000	3
28	2	1	12600	75000	2023-06-12	КАСКО	160000	3
29	2	73	12600	75000	2023-08-24	КАСКО	160000	2
30	2	68	12600	75000	2023-11-21	КАСКО	160000	3
31	2	21	12600	75000	2024-03-19	КАСКО	160000	3
32	2	9	12600	75000	2024-06-07	КАСКО	160000	1
33	2	86	12600	75000	2024-08-07	КАСКО	160000	2
34	2	19	12600	75000	2024-09-18	КАСКО	160000	2
35	2	12	12600	75000	2024-12-07	КАСКО	160000	3
36	3	9	11100	60000	2022-06-01	КАСКО	140000	3
37	3	41	11100	60000	2022-07-10	КАСКО	140000	1
38	3	23	11100	60000	2022-09-26	КАСКО	140000	2
39	3	89	11100	60000	2022-11-25	КАСКО	140000	3
40	3	28	11100	60000	2022-12-27	КАСКО	140000	1
41	3	24	11100	60000	2023-03-07	КАСКО	140000	2
42	3	24	11100	60000	2023-06-10	КАСКО	140000	2
43	3	13	11100	60000	2023-09-03	КАСКО	140000	2
44	3	71	11100	60000	2023-11-23	КАСКО	140000	1
45	3	100	11100	60000	2024-02-10	КАСКО	140000	2
46	3	36	11100	60000	2024-04-28	КАСКО	140000	3
47	3	73	11100	60000	2024-08-04	КАСКО	140000	1
48	3	57	11100	60000	2024-10-16	КАСКО	140000	1
49	3	19	11100	60000	2024-12-17	КАСКО	140000	1
50	4	72	6300	45000	2024-02-01	КАСКО	75000	2
51	4	88	6300	45000	2024-05-18	КАСКО	75000	2
52	4	67	6300	45000	2024-08-03	КАСКО	75000	1
53	4	91	6300	45000	2024-11-19	КАСКО	75000	1
54	5	81	9600	60000	2024-02-01	КАСКО	120000	2
55	5	35	9600	60000	2024-04-23	КАСКО	120000	1
56	5	6	9600	60000	2024-06-16	КАСКО	120000	1
57	5	67	9600	60000	2024-08-21	КАСКО	120000	2
58	5	79	9600	60000	2024-11-16	КАСКО	120000	2
59	6	73	2400	15000	2023-05-01	КАСКО	37500	3
60	6	3	2400	15000	2023-06-26	КАСКО	37500	3
61	6	9	2400	15000	2023-09-20	КАСКО	37500	3
62	6	55	2400	15000	2024-01-07	КАСКО	37500	2
63	6	4	2400	15000	2024-03-28	КАСКО	37500	3
64	6	15	2400	15000	2024-06-14	КАСКО	37500	3
65	6	95	2400	15000	2024-08-31	КАСКО	37500	2
66	6	97	2400	15000	2024-11-29	КАСКО	37500	2
67	7	78	6000	30000	2021-08-01	КАСКО	70000	2
68	7	69	6000	30000	2021-11-05	КАСКО	70000	3
69	7	95	6000	30000	2022-02-20	КАСКО	70000	2
70	7	68	6000	30000	2022-05-22	КАСКО	70000	3
71	7	40	6000	30000	2022-07-12	КАСКО	70000	3
72	7	35	6000	30000	2022-10-03	КАСКО	70000	3
73	7	93	6000	30000	2022-11-29	КАСКО	70000	2
74	7	92	6000	30000	2023-02-07	КАСКО	70000	1
75	7	48	6000	30000	2023-04-16	КАСКО	70000	1
76	7	66	6000	30000	2023-07-03	КАСКО	70000	1
77	7	98	6000	30000	2023-08-28	КАСКО	70000	2
78	7	98	6000	30000	2023-11-25	КАСКО	70000	1
79	7	63	6000	30000	2024-01-20	КАСКО	70000	1
80	7	53	6000	30000	2024-04-09	КАСКО	70000	3
81	7	99	6000	30000	2024-05-25	КАСКО	70000	1
82	7	82	6000	30000	2024-08-04	КАСКО	70000	2
83	7	60	6000	30000	2024-10-19	КАСКО	70000	1
84	8	5	12600	75000	2024-03-01	КАСКО	165000	2
85	8	26	12600	75000	2024-06-16	КАСКО	165000	1
86	8	14	12600	75000	2024-09-08	КАСКО	165000	1
87	8	73	12600	75000	2024-11-08	КАСКО	165000	2
88	8	23	12600	75000	2024-12-31	КАСКО	165000	3
89	9	87	8400	45000	2023-11-01	КАСКО	105000	2
90	9	59	8400	45000	2024-01-23	КАСКО	105000	1
91	9	78	8400	45000	2024-05-03	КАСКО	105000	2
92	9	46	8400	45000	2024-07-09	КАСКО	105000	3
93	9	17	8400	45000	2024-09-04	КАСКО	105000	1
94	9	76	8400	45000	2024-11-19	КАСКО	105000	2
95	10	64	11100	60000	2024-04-01	КАСКО	135000	1
96	10	17	11100	60000	2024-06-19	КАСКО	135000	1
97	10	28	11100	60000	2024-09-11	КАСКО	135000	2
98	10	23	11100	60000	2024-12-08	КАСКО	135000	1
99	11	44	6000	30000	2020-01-01	КАСКО	80000	2
100	11	52	6000	30000	2020-04-13	КАСКО	80000	1
101	11	87	6000	30000	2020-08-03	КАСКО	80000	2
102	11	63	6000	30000	2020-10-10	КАСКО	80000	3
103	11	30	6000	30000	2020-12-27	КАСКО	80000	1
104	11	68	6000	30000	2021-02-28	КАСКО	80000	2
105	11	90	6000	30000	2021-05-21	КАСКО	80000	3
106	11	48	6000	30000	2021-07-06	КАСКО	80000	2
107	11	1	6000	30000	2021-09-26	КАСКО	80000	2
108	11	17	6000	30000	2021-12-07	КАСКО	80000	2
109	11	96	6000	30000	2022-02-07	КАСКО	80000	2
110	11	67	6000	30000	2022-05-21	КАСКО	80000	3
111	11	1	6000	30000	2022-09-09	КАСКО	80000	3
112	11	77	6000	30000	2022-11-25	КАСКО	80000	1
113	11	57	6000	30000	2023-01-26	КАСКО	80000	1
114	11	66	6000	30000	2023-04-04	КАСКО	80000	3
115	11	31	6000	30000	2023-06-22	КАСКО	80000	1
116	11	98	6000	30000	2023-08-09	КАСКО	80000	2
117	11	18	6000	30000	2023-09-28	КАСКО	80000	2
118	11	24	6000	30000	2023-12-16	КАСКО	80000	1
119	11	95	6000	30000	2024-02-29	КАСКО	80000	3
120	11	31	6000	30000	2024-06-02	КАСКО	80000	3
121	11	73	6000	30000	2024-08-29	КАСКО	80000	1
122	11	39	6000	30000	2024-10-25	КАСКО	80000	1
123	12	73	9600	60000	2020-08-01	КАСКО	115000	2
124	12	49	9600	60000	2020-10-21	КАСКО	115000	3
125	12	45	9600	60000	2021-01-20	КАСКО	115000	1
126	12	36	9600	60000	2021-04-10	КАСКО	115000	2
127	12	88	9600	60000	2021-05-22	КАСКО	115000	3
128	12	69	9600	60000	2021-08-15	КАСКО	115000	3
129	12	48	9600	60000	2021-10-11	КАСКО	115000	2
130	12	22	9600	60000	2021-12-08	КАСКО	115000	2
131	12	12	9600	60000	2022-03-17	КАСКО	115000	1
132	12	77	9600	60000	2022-05-31	КАСКО	115000	3
133	12	72	9600	60000	2022-08-21	КАСКО	115000	3
134	12	85	9600	60000	2022-11-11	КАСКО	115000	1
135	12	65	9600	60000	2023-01-27	КАСКО	115000	2
136	12	15	9600	60000	2023-03-26	КАСКО	115000	1
137	12	26	9600	60000	2023-06-09	КАСКО	115000	2
138	12	1	9600	60000	2023-09-14	КАСКО	115000	2
139	12	38	9600	60000	2023-10-29	КАСКО	115000	2
140	12	99	9600	60000	2024-02-03	КАСКО	115000	2
141	12	43	9600	60000	2024-04-16	КАСКО	115000	1
142	12	98	9600	60000	2024-05-29	КАСКО	115000	1
143	12	90	9600	60000	2024-08-17	КАСКО	115000	3
144	12	48	9600	60000	2024-10-31	КАСКО	115000	2
145	13	55	2400	15000	2023-10-01	КАСКО	40000	3
146	13	10	2400	15000	2023-12-14	КАСКО	40000	1
147	13	7	2400	15000	2024-03-24	КАСКО	40000	2
148	13	73	2400	15000	2024-05-31	КАСКО	40000	3
149	13	8	2400	15000	2024-09-14	КАСКО	40000	1
150	13	79	2400	15000	2024-11-17	КАСКО	40000	3
151	14	68	15600	90000	2023-05-01	КАСКО	190000	1
152	14	86	15600	90000	2023-08-09	КАСКО	190000	3
153	14	81	15600	90000	2023-11-05	КАСКО	190000	3
154	14	66	15600	90000	2024-01-04	КАСКО	190000	3
155	14	30	15600	90000	2024-03-04	КАСКО	190000	3
156	14	30	15600	90000	2024-06-03	КАСКО	190000	3
157	14	68	15600	90000	2024-08-08	КАСКО	190000	3
158	14	36	15600	90000	2024-10-12	КАСКО	190000	2
159	15	66	6000	30000	2020-04-01	КАСКО	72500	2
160	15	7	6000	30000	2020-06-30	КАСКО	72500	2
161	15	29	6000	30000	2020-09-14	КАСКО	72500	3
162	15	20	6000	30000	2020-12-20	КАСКО	72500	3
163	15	4	6000	30000	2021-03-13	КАСКО	72500	3
164	15	50	6000	30000	2021-04-22	КАСКО	72500	1
165	15	50	6000	30000	2021-07-18	КАСКО	72500	1
166	15	56	6000	30000	2021-10-11	КАСКО	72500	2
167	15	4	6000	30000	2021-12-12	КАСКО	72500	3
168	15	40	6000	30000	2022-01-24	КАСКО	72500	2
169	15	48	6000	30000	2022-04-02	КАСКО	72500	1
170	15	2	6000	30000	2022-06-18	КАСКО	72500	3
171	15	13	6000	30000	2022-09-22	КАСКО	72500	3
172	15	20	6000	30000	2022-12-06	КАСКО	72500	1
173	15	71	6000	30000	2023-02-28	КАСКО	72500	1
174	15	84	6000	30000	2023-05-04	КАСКО	72500	3
175	15	100	6000	30000	2023-08-30	КАСКО	72500	2
176	15	51	6000	30000	2023-10-30	КАСКО	72500	3
177	15	37	6000	30000	2024-01-30	КАСКО	72500	2
178	15	29	6000	30000	2024-03-16	КАСКО	72500	3
179	15	89	6000	30000	2024-05-16	КАСКО	72500	1
180	15	69	6000	30000	2024-08-30	КАСКО	72500	1
181	15	91	6000	30000	2024-11-25	КАСКО	72500	3
182	16	55	12600	75000	2021-01-01	КАСКО	167500	1
183	16	12	12600	75000	2021-03-21	КАСКО	167500	3
184	16	8	12600	75000	2021-06-22	КАСКО	167500	2
185	16	22	12600	75000	2021-09-20	КАСКО	167500	3
186	16	75	12600	75000	2021-11-30	КАСКО	167500	2
187	16	35	12600	75000	2022-01-09	КАСКО	167500	1
188	16	33	12600	75000	2022-03-07	КАСКО	167500	2
189	16	21	12600	75000	2022-06-02	КАСКО	167500	3
190	16	71	12600	75000	2022-08-29	КАСКО	167500	1
191	16	57	12600	75000	2022-10-13	КАСКО	167500	2
192	16	54	12600	75000	2023-01-10	КАСКО	167500	3
193	16	89	12600	75000	2023-02-19	КАСКО	167500	1
194	16	76	12600	75000	2023-05-17	КАСКО	167500	1
195	16	75	12600	75000	2023-08-12	КАСКО	167500	2
196	16	93	12600	75000	2023-11-10	КАСКО	167500	1
197	16	3	12600	75000	2023-12-27	КАСКО	167500	1
198	16	34	12600	75000	2024-04-04	КАСКО	167500	1
199	16	32	12600	75000	2024-06-25	КАСКО	167500	2
200	16	82	12600	75000	2024-08-10	КАСКО	167500	1
201	16	31	12600	75000	2024-09-23	КАСКО	167500	3
202	16	29	12600	75000	2024-12-28	КАСКО	167500	3
\.


--
-- TOC entry 4910 (class 0 OID 16664)
-- Dependencies: 229
-- Data for Name: contract_history; Type: TABLE DATA; Schema: public; Owner: postgres
--

COPY public.contract_history (id, contract_id, emp_id, date_end) FROM stdin;
1	1	2	2022-02-27
2	1	2	2022-03-22
3	1	3	2022-04-21
4	1	1	2022-05-04
5	2	3	2022-05-20
6	2	3	2022-05-23
7	2	3	2022-06-06
8	2	2	2022-06-07
9	3	1	2022-07-20
10	3	3	2022-08-16
11	3	2	2022-08-22
12	3	1	2022-08-25
13	4	2	2022-10-05
14	4	3	2022-10-30
15	4	3	2022-11-17
16	4	2	2022-12-17
17	5	1	2023-01-27
18	5	1	2023-02-02
19	5	2	2023-02-15
20	5	3	2023-03-10
21	6	2	2023-04-01
22	6	1	2023-04-15
23	6	2	2023-05-06
24	6	3	2023-05-26
25	7	3	2023-06-05
26	7	2	2023-06-29
27	7	3	2023-07-23
28	7	3	2023-08-13
29	8	2	2023-09-01
30	8	3	2023-09-20
31	8	1	2023-09-26
32	8	1	2023-10-24
33	9	1	2023-11-16
34	9	3	2023-11-26
35	9	2	2023-12-10
36	9	3	2024-01-05
37	10	3	2024-02-07
38	10	3	2024-03-05
39	10	3	2024-03-14
40	10	1	2024-04-02
41	11	3	2024-05-08
42	11	3	2024-06-05
43	11	2	2024-06-08
44	11	2	2024-06-12
45	12	2	2024-06-30
46	12	2	2024-07-26
47	12	3	2024-08-05
48	12	1	2024-08-11
49	13	3	2024-09-20
50	13	2	2024-10-05
51	13	2	2024-10-22
52	13	1	2024-11-13
53	14	2	2024-12-10
54	14	2	2024-12-19
55	14	2	2025-01-03
56	14	2	2025-01-13
57	15	2	2021-02-10
58	15	1	2021-02-24
59	15	1	2021-03-05
60	15	2	2021-03-15
61	16	2	2021-04-14
62	16	2	2021-05-10
63	16	1	2021-05-30
64	16	1	2021-06-16
65	17	3	2021-07-09
66	17	1	2021-07-19
67	17	2	2021-07-31
68	17	3	2021-08-25
69	18	1	2021-09-13
70	18	3	2021-09-14
71	18	2	2021-10-10
72	18	3	2021-10-12
73	19	3	2021-11-22
74	19	2	2021-12-14
75	19	2	2021-12-26
76	19	3	2022-01-25
77	20	1	2022-02-15
78	20	1	2022-03-03
79	20	3	2022-03-26
80	20	3	2022-04-20
81	21	2	2022-05-03
82	21	1	2022-05-05
83	21	2	2022-05-12
84	21	2	2022-06-01
85	22	2	2022-06-23
86	22	3	2022-07-10
87	22	1	2022-07-12
88	22	3	2022-07-25
89	23	3	2022-09-04
90	23	2	2022-09-13
91	23	1	2022-10-11
92	23	3	2022-10-17
93	24	2	2022-11-22
94	24	3	2022-12-19
95	24	2	2023-01-15
96	24	3	2023-01-28
97	25	3	2023-03-07
98	25	3	2023-03-12
99	25	2	2023-03-31
100	25	2	2023-04-01
101	26	3	2023-04-06
102	26	1	2023-04-14
103	26	2	2023-05-03
104	26	1	2023-05-05
105	27	3	2023-05-11
106	27	3	2023-05-27
107	27	2	2023-06-01
108	27	3	2023-06-06
109	28	2	2023-06-30
110	28	3	2023-07-09
111	28	3	2023-07-15
112	28	2	2023-07-30
113	29	3	2023-09-15
114	29	1	2023-09-17
115	29	2	2023-10-11
116	29	2	2023-10-31
117	30	1	2023-12-07
118	30	2	2024-01-05
119	30	1	2024-02-03
120	30	3	2024-03-04
121	31	3	2024-03-30
122	31	1	2024-04-13
123	31	1	2024-05-03
124	31	1	2024-05-18
125	32	2	2024-06-24
126	32	2	2024-07-19
127	32	1	2024-07-22
128	32	2	2024-07-23
129	33	3	2024-08-08
130	33	2	2024-08-11
131	33	3	2024-08-17
132	33	3	2024-09-03
133	34	2	2024-09-21
134	34	1	2024-10-01
135	34	3	2024-10-28
136	34	2	2024-11-22
137	35	2	2025-01-03
138	35	1	2025-01-23
139	35	1	2025-02-22
140	35	2	2025-02-27
141	36	1	2022-06-02
142	36	3	2022-06-20
143	36	1	2022-06-29
144	36	3	2022-07-01
145	37	1	2022-07-27
146	37	3	2022-08-16
147	37	3	2022-08-26
148	37	2	2022-08-28
149	38	1	2022-09-27
150	38	1	2022-10-25
151	38	1	2022-11-07
152	38	2	2022-11-17
153	39	3	2022-12-10
154	39	3	2022-12-20
155	39	2	2022-12-24
156	39	3	2022-12-26
157	40	3	2023-01-22
158	40	3	2023-01-30
159	40	3	2023-01-31
160	40	3	2023-02-24
161	41	3	2023-03-31
162	41	3	2023-04-24
163	41	1	2023-05-01
164	41	3	2023-05-22
165	42	3	2023-06-30
166	42	3	2023-07-18
167	42	3	2023-08-11
168	42	3	2023-08-24
169	43	2	2023-10-01
170	43	1	2023-10-03
171	43	1	2023-10-13
172	43	3	2023-11-04
173	44	1	2023-12-09
174	44	1	2024-01-06
175	44	1	2024-01-11
176	44	3	2024-01-12
177	45	1	2024-02-19
178	45	3	2024-03-09
179	45	3	2024-03-16
180	45	3	2024-04-09
181	46	2	2024-05-28
182	46	3	2024-06-05
183	46	1	2024-06-11
184	46	3	2024-07-05
185	47	3	2024-08-20
186	47	2	2024-09-13
187	47	1	2024-09-15
188	47	1	2024-09-30
189	48	1	2024-10-21
190	48	3	2024-11-06
191	48	2	2024-11-21
192	48	3	2024-11-27
193	49	2	2025-01-14
194	49	3	2025-01-28
195	49	1	2025-02-08
196	49	3	2025-03-05
197	50	2	2024-02-27
198	50	2	2024-03-19
199	50	3	2024-04-15
200	50	2	2024-05-12
201	51	1	2024-05-30
202	51	2	2024-06-06
203	51	1	2024-06-29
204	51	3	2024-07-28
205	52	2	2024-08-22
206	52	1	2024-09-18
207	52	1	2024-10-05
208	52	3	2024-11-04
209	53	2	2024-12-15
210	53	1	2025-01-05
211	53	3	2025-01-25
212	53	3	2025-02-04
213	54	1	2024-02-17
214	54	1	2024-03-04
215	54	2	2024-03-19
216	54	1	2024-04-07
217	55	1	2024-05-05
218	55	2	2024-05-16
219	55	3	2024-05-17
220	55	1	2024-06-09
221	56	1	2024-07-13
222	56	1	2024-08-01
223	56	2	2024-08-09
224	56	3	2024-08-20
225	57	3	2024-08-23
226	57	1	2024-09-14
227	57	3	2024-10-13
228	57	3	2024-11-06
229	58	2	2024-12-01
230	58	2	2024-12-16
231	58	2	2025-01-15
232	58	1	2025-02-14
233	59	3	2023-05-10
234	59	1	2023-05-22
235	59	2	2023-06-12
236	59	1	2023-06-21
237	60	2	2023-07-13
238	60	2	2023-08-09
239	60	1	2023-08-22
240	60	3	2023-09-14
241	61	2	2023-10-20
242	61	3	2023-10-30
243	61	1	2023-11-16
244	61	1	2023-12-11
245	62	2	2024-01-28
246	62	3	2024-02-17
247	62	1	2024-02-25
248	62	2	2024-03-03
249	63	1	2024-04-07
250	63	1	2024-04-24
251	63	2	2024-05-24
252	63	2	2024-05-30
253	64	1	2024-06-18
254	64	1	2024-07-08
255	64	3	2024-07-29
256	64	1	2024-08-02
257	65	1	2024-09-23
258	65	1	2024-09-25
259	65	1	2024-10-12
260	65	2	2024-11-07
261	66	1	2024-12-25
262	66	1	2024-12-27
263	66	3	2025-01-04
264	66	1	2025-01-17
265	67	1	2021-08-24
266	67	2	2021-09-19
267	67	3	2021-10-12
268	67	3	2021-10-30
269	68	2	2021-12-03
270	68	2	2021-12-15
271	68	3	2022-01-11
272	68	2	2022-02-01
273	69	3	2022-03-14
274	69	1	2022-03-18
275	69	1	2022-04-07
276	69	1	2022-05-03
277	70	3	2022-05-23
278	70	1	2022-06-10
279	70	1	2022-06-17
280	70	3	2022-07-04
281	71	2	2022-08-02
282	71	3	2022-08-30
283	71	2	2022-09-05
284	71	2	2022-10-02
285	72	1	2022-10-18
286	72	3	2022-11-06
287	72	1	2022-11-10
288	72	3	2022-11-11
289	73	2	2022-12-07
290	73	2	2022-12-19
291	73	1	2023-01-03
292	73	3	2023-01-14
293	74	3	2023-02-28
294	74	3	2023-03-05
295	74	3	2023-03-11
296	74	2	2023-03-26
297	75	1	2023-04-24
298	75	3	2023-05-13
299	75	1	2023-05-25
300	75	2	2023-06-08
301	76	3	2023-07-21
302	76	1	2023-08-05
303	76	2	2023-08-18
304	76	3	2023-08-26
305	77	1	2023-09-18
306	77	1	2023-10-05
307	77	1	2023-10-31
308	77	2	2023-11-24
309	78	3	2023-12-08
310	78	2	2023-12-26
311	78	2	2024-01-04
312	78	1	2024-01-15
313	79	1	2024-02-11
314	79	3	2024-02-20
315	79	1	2024-03-19
316	79	2	2024-04-01
317	80	1	2024-04-27
318	80	1	2024-05-05
319	80	1	2024-05-13
320	80	1	2024-05-24
321	81	2	2024-05-26
322	81	3	2024-06-22
323	81	2	2024-07-14
324	81	2	2024-07-15
325	82	1	2024-08-06
326	82	2	2024-08-26
327	82	3	2024-09-12
328	82	1	2024-10-08
329	83	1	2024-11-13
330	83	3	2024-12-03
331	83	3	2024-12-14
332	83	1	2025-01-10
333	84	3	2024-03-29
334	84	3	2024-04-24
335	84	2	2024-04-26
336	84	2	2024-05-17
337	85	2	2024-07-10
338	85	2	2024-07-20
339	85	1	2024-07-25
340	85	2	2024-08-11
341	86	1	2024-09-30
342	86	3	2024-10-18
343	86	3	2024-10-29
344	86	2	2024-10-30
345	87	3	2024-11-19
346	87	1	2024-11-27
347	87	3	2024-12-02
348	87	2	2024-12-21
349	88	1	2025-01-21
350	88	3	2025-02-01
351	88	1	2025-02-13
352	88	1	2025-02-27
353	89	1	2023-11-14
354	89	1	2023-12-01
355	89	2	2023-12-29
356	89	1	2024-01-08
357	90	2	2024-02-17
358	90	3	2024-02-21
359	90	1	2024-03-18
360	90	3	2024-04-14
361	91	2	2024-05-18
362	91	1	2024-06-05
363	91	3	2024-06-25
364	91	2	2024-07-04
365	92	3	2024-07-18
366	92	3	2024-08-03
367	92	1	2024-08-14
368	92	2	2024-08-28
369	93	3	2024-09-14
370	93	1	2024-10-12
371	93	3	2024-10-28
372	93	3	2024-11-06
373	94	2	2024-12-09
374	94	2	2025-01-02
375	94	3	2025-01-10
376	94	3	2025-02-05
377	95	1	2024-04-22
378	95	3	2024-05-03
379	95	3	2024-05-13
380	95	2	2024-05-21
381	96	1	2024-07-10
382	96	2	2024-07-31
383	96	1	2024-08-25
384	96	2	2024-08-27
385	97	1	2024-09-25
386	97	1	2024-10-13
387	97	2	2024-10-21
388	97	3	2024-11-08
389	98	3	2024-12-28
390	98	3	2024-12-29
391	98	2	2025-01-17
392	98	3	2025-02-13
393	99	3	2020-01-21
394	99	1	2020-02-18
395	99	2	2020-03-01
396	99	3	2020-03-30
397	100	2	2020-05-13
398	100	2	2020-06-10
399	100	2	2020-06-29
400	100	1	2020-07-07
401	101	2	2020-08-06
402	101	1	2020-08-26
403	101	1	2020-09-13
404	101	3	2020-09-17
405	102	2	2020-11-02
406	102	3	2020-11-25
407	102	2	2020-12-04
408	102	1	2020-12-19
409	103	1	2021-01-06
410	103	2	2021-01-14
411	103	1	2021-01-19
412	103	3	2021-02-07
413	104	2	2021-03-14
414	104	3	2021-04-01
415	104	1	2021-04-08
416	104	2	2021-04-22
417	105	2	2021-05-27
418	105	3	2021-05-28
419	105	1	2021-06-02
420	105	3	2021-06-16
421	106	3	2021-07-25
422	106	1	2021-08-11
423	106	1	2021-08-13
424	106	1	2021-09-08
425	107	3	2021-10-13
426	107	1	2021-11-01
427	107	3	2021-11-18
428	107	1	2021-12-06
429	108	1	2021-12-25
430	108	2	2021-12-26
431	108	1	2022-01-09
432	108	2	2022-01-14
433	109	2	2022-03-03
434	109	1	2022-03-22
435	109	1	2022-04-07
436	109	2	2022-04-25
437	110	2	2022-06-19
438	110	2	2022-07-16
439	110	1	2022-07-30
440	110	1	2022-08-21
441	111	1	2022-10-02
442	111	1	2022-10-10
443	111	2	2022-10-31
444	111	2	2022-11-08
445	112	2	2022-11-26
446	112	2	2022-12-14
447	112	1	2022-12-26
448	112	2	2023-01-15
449	113	1	2023-02-03
450	113	2	2023-02-04
451	113	2	2023-03-06
452	113	3	2023-03-27
453	114	2	2023-05-03
454	114	1	2023-05-13
455	114	1	2023-06-01
456	114	2	2023-06-09
457	115	3	2023-07-12
458	115	2	2023-07-13
459	115	2	2023-07-19
460	115	3	2023-08-01
461	116	3	2023-08-14
462	116	3	2023-08-24
463	116	2	2023-08-31
464	116	3	2023-09-09
465	117	3	2023-10-28
466	117	3	2023-11-11
467	117	2	2023-12-09
468	117	3	2023-12-12
469	118	3	2023-12-22
470	118	2	2024-01-04
471	118	3	2024-01-25
472	118	3	2024-02-17
473	119	3	2024-03-25
474	119	1	2024-04-17
475	119	3	2024-04-27
476	119	3	2024-05-10
477	120	1	2024-06-27
478	120	3	2024-07-11
479	120	3	2024-08-03
480	120	3	2024-08-08
481	121	2	2024-09-03
482	121	3	2024-09-15
483	121	2	2024-10-10
484	121	2	2024-10-20
485	122	2	2024-11-15
486	122	3	2024-12-05
487	122	1	2024-12-23
488	122	1	2024-12-29
489	123	3	2020-08-26
490	123	1	2020-09-12
491	123	1	2020-09-21
492	123	3	2020-09-27
493	124	1	2020-10-22
494	124	1	2020-11-02
495	124	3	2020-12-01
496	124	3	2020-12-21
497	125	1	2021-02-07
498	125	2	2021-02-22
499	125	2	2021-03-21
500	125	2	2021-04-05
501	126	3	2021-04-30
502	126	1	2021-05-01
503	126	1	2021-05-08
504	126	3	2021-05-13
505	127	1	2021-06-16
506	127	2	2021-07-11
507	127	2	2021-07-30
508	127	2	2021-08-02
509	128	3	2021-09-09
510	128	3	2021-09-10
511	128	2	2021-09-27
512	128	1	2021-09-28
513	129	1	2021-10-30
514	129	2	2021-11-09
515	129	2	2021-11-24
516	129	2	2021-11-26
517	130	1	2022-01-02
518	130	3	2022-01-25
519	130	1	2022-02-23
520	130	2	2022-02-26
521	131	3	2022-04-16
522	131	2	2022-04-28
523	131	3	2022-05-03
524	131	2	2022-05-24
525	132	2	2022-06-14
526	132	2	2022-06-23
527	132	2	2022-07-12
528	132	1	2022-08-09
529	133	2	2022-09-03
530	133	2	2022-09-16
531	133	1	2022-10-13
532	133	3	2022-10-19
533	134	2	2022-11-19
534	134	3	2022-12-13
535	134	1	2023-01-05
536	134	3	2023-01-12
537	135	3	2023-01-30
538	135	2	2023-02-16
539	135	1	2023-02-26
540	135	2	2023-03-19
541	136	3	2023-04-14
542	136	3	2023-04-19
543	136	2	2023-05-17
544	136	2	2023-05-23
545	137	2	2023-06-24
546	137	3	2023-07-24
547	137	2	2023-08-05
548	137	2	2023-08-16
549	138	3	2023-09-24
550	138	3	2023-10-03
551	138	2	2023-10-19
552	138	2	2023-10-24
553	139	1	2023-11-06
554	139	3	2023-11-28
555	139	1	2023-12-23
556	139	3	2024-01-20
557	140	1	2024-02-06
558	140	2	2024-03-03
559	140	2	2024-03-17
560	140	1	2024-03-30
561	141	1	2024-04-17
562	141	3	2024-04-18
563	141	1	2024-05-15
564	141	1	2024-05-28
565	142	1	2024-06-17
566	142	1	2024-07-09
567	142	3	2024-07-18
568	142	3	2024-07-24
569	143	3	2024-08-29
570	143	3	2024-09-27
571	143	2	2024-10-07
572	143	1	2024-10-09
573	144	1	2024-11-19
574	144	1	2024-12-02
575	144	2	2024-12-10
576	144	1	2024-12-20
577	145	2	2023-10-09
578	145	1	2023-11-04
579	145	3	2023-11-21
580	145	3	2023-12-10
581	146	1	2024-01-12
582	146	1	2024-01-27
583	146	3	2024-02-21
584	146	1	2024-03-03
585	147	2	2024-03-29
586	147	1	2024-03-31
587	147	2	2024-04-15
588	147	1	2024-05-11
589	148	1	2024-06-30
590	148	1	2024-07-21
591	148	2	2024-08-10
592	148	1	2024-09-02
593	149	1	2024-09-29
594	149	2	2024-10-07
595	149	3	2024-10-23
596	149	2	2024-11-14
597	150	2	2024-11-21
598	150	2	2024-12-10
599	150	1	2024-12-17
600	150	2	2025-01-01
601	151	2	2023-05-21
602	151	1	2023-06-15
603	151	1	2023-07-15
604	151	2	2023-07-23
605	152	2	2023-09-04
606	152	2	2023-09-18
607	152	2	2023-10-01
608	152	1	2023-10-18
609	153	2	2023-11-25
610	153	3	2023-12-05
611	153	1	2023-12-09
612	153	2	2023-12-30
613	154	1	2024-01-08
614	154	2	2024-01-30
615	154	2	2024-02-13
616	154	2	2024-02-18
617	155	3	2024-03-18
618	155	1	2024-04-14
619	155	1	2024-05-10
620	155	2	2024-05-19
621	156	2	2024-06-17
622	156	1	2024-06-24
623	156	1	2024-07-06
624	156	3	2024-08-03
625	157	1	2024-08-18
626	157	2	2024-09-04
627	157	3	2024-09-26
628	157	3	2024-10-05
629	158	3	2024-10-21
630	158	3	2024-11-18
631	158	2	2024-12-13
632	158	3	2024-12-30
633	159	3	2020-05-01
634	159	3	2020-05-16
635	159	1	2020-05-18
636	159	3	2020-06-02
637	160	3	2020-07-05
638	160	2	2020-07-23
639	160	3	2020-08-10
640	160	3	2020-09-09
641	161	2	2020-10-12
642	161	1	2020-11-11
643	161	1	2020-11-21
644	161	2	2020-12-17
645	162	3	2021-01-07
646	162	3	2021-01-20
647	162	3	2021-02-07
648	162	2	2021-02-12
649	163	1	2021-03-16
650	163	2	2021-03-21
651	163	3	2021-04-01
652	163	3	2021-04-13
653	164	2	2021-05-01
654	164	1	2021-05-18
655	164	3	2021-06-11
656	164	3	2021-07-04
657	165	2	2021-08-10
658	165	2	2021-09-08
659	165	2	2021-09-22
660	165	2	2021-09-27
661	166	3	2021-10-17
662	166	2	2021-10-30
663	166	2	2021-11-07
664	166	2	2021-11-29
665	167	1	2021-12-14
666	167	2	2021-12-19
667	167	3	2022-01-15
668	167	1	2022-01-18
669	168	2	2022-02-17
670	168	1	2022-02-19
671	168	2	2022-03-15
672	168	2	2022-03-21
673	169	1	2022-04-27
674	169	2	2022-05-16
675	169	3	2022-06-03
676	169	3	2022-06-04
677	170	1	2022-07-13
678	170	2	2022-07-31
679	170	1	2022-08-07
680	170	3	2022-09-02
681	171	1	2022-09-30
682	171	1	2022-10-29
683	171	3	2022-11-11
684	171	3	2022-11-26
685	172	3	2022-12-25
686	172	1	2022-12-30
687	172	3	2023-01-12
688	172	2	2023-02-01
689	173	2	2023-03-19
690	173	3	2023-03-20
691	173	3	2023-04-10
692	173	3	2023-04-17
693	174	1	2023-05-24
694	174	3	2023-06-12
695	174	2	2023-07-06
696	174	1	2023-07-31
697	175	3	2023-09-10
698	175	3	2023-10-05
699	175	3	2023-10-09
700	175	3	2023-10-25
701	176	2	2023-11-26
702	176	3	2023-12-15
703	176	1	2023-12-20
704	176	1	2024-01-15
705	177	3	2024-02-04
706	177	2	2024-02-20
707	177	2	2024-02-28
708	177	2	2024-03-01
709	178	2	2024-03-26
710	178	2	2024-04-04
711	178	2	2024-04-07
712	178	3	2024-04-25
713	179	3	2024-06-06
714	179	3	2024-06-30
715	179	3	2024-07-12
716	179	3	2024-08-01
717	180	1	2024-09-01
718	180	3	2024-09-23
719	180	2	2024-10-13
720	180	1	2024-10-29
721	181	2	2024-11-28
722	181	1	2024-12-21
723	181	1	2025-01-12
724	181	3	2025-01-29
725	182	1	2021-01-24
726	182	1	2021-02-06
727	182	1	2021-02-08
728	182	1	2021-03-03
729	183	1	2021-03-26
730	183	1	2021-04-12
731	183	2	2021-05-10
732	183	3	2021-05-25
733	184	1	2021-07-13
734	184	1	2021-07-15
735	184	2	2021-08-05
736	184	1	2021-09-01
737	185	1	2021-09-29
738	185	1	2021-10-19
739	185	2	2021-11-05
740	185	2	2021-11-17
741	186	2	2021-12-12
742	186	2	2021-12-22
743	186	1	2021-12-25
744	186	2	2021-12-29
745	187	2	2022-01-14
746	187	2	2022-01-25
747	187	2	2022-02-02
748	187	3	2022-02-13
749	188	1	2022-04-04
750	188	1	2022-04-21
751	188	2	2022-05-06
752	188	3	2022-05-16
753	189	3	2022-06-15
754	189	3	2022-06-18
755	189	3	2022-07-17
756	189	3	2022-07-30
757	190	2	2022-09-04
758	190	1	2022-09-09
759	190	2	2022-09-16
760	190	1	2022-10-05
761	191	2	2022-11-03
762	191	2	2022-11-24
763	191	2	2022-12-10
764	191	3	2023-01-01
765	192	2	2023-01-12
766	192	1	2023-02-07
767	192	3	2023-02-12
768	192	1	2023-02-16
769	193	2	2023-03-17
770	193	3	2023-04-01
771	193	3	2023-04-27
772	193	3	2023-05-16
773	194	2	2023-06-03
774	194	2	2023-06-17
775	194	3	2023-06-21
776	194	2	2023-07-17
777	195	3	2023-08-29
778	195	2	2023-09-11
779	195	2	2023-10-08
780	195	2	2023-11-07
781	196	2	2023-11-19
782	196	1	2023-12-07
783	196	1	2023-12-16
784	196	2	2023-12-24
785	197	2	2024-01-18
786	197	1	2024-01-24
787	197	1	2024-02-23
788	197	3	2024-03-15
789	198	1	2024-04-12
790	198	1	2024-04-29
791	198	2	2024-04-30
792	198	3	2024-05-29
793	199	3	2024-06-30
794	199	3	2024-07-03
795	199	2	2024-07-23
796	199	1	2024-08-07
797	200	1	2024-08-17
798	200	3	2024-08-25
799	200	1	2024-08-27
800	200	1	2024-09-10
801	201	2	2024-10-08
802	201	3	2024-11-06
803	201	3	2024-11-29
804	201	2	2024-12-18
805	202	2	2025-01-01
806	202	1	2025-01-14
807	202	2	2025-02-10
808	202	2	2025-03-03
\.


--
-- TOC entry 4898 (class 0 OID 16445)
-- Dependencies: 217
-- Data for Name: employee; Type: TABLE DATA; Schema: public; Owner: postgres
--

COPY public.employee (id, full_name) FROM stdin;
1	Иванов Алексей
2	Петрова Мария
3	Сидоров Дмитрий
\.


--
-- TOC entry 4904 (class 0 OID 16547)
-- Dependencies: 223
-- Data for Name: engine; Type: TABLE DATA; Schema: public; Owner: postgres
--

COPY public.engine (id, capacity, power, fuel_type) FROM stdin;
1	2.5	249	АИ-95
2	3.5	301	АИ-98
3	2	178	АИ-95
4	1.5	174	АИ-95
5	1.8	125	АИ-95
6	1.5	158	АИ-95
7	3	340	АИ-98
8	2	249	ДТ
9	4.4	450	АИ-98
10	2	245	ДТ
11	2.2	184	ДТ
12	3	367	АИ-98
13	2	190	АИ-95
14	1.8	150	АИ-95
15	2	249	АИ-95
16	1.4	150	АИ-95
17	1.6	115	АИ-95
18	1.8	180	АИ-95
19	5	400	АИ-98
20	3.5	325	АИ-98
21	3.5	450	АИ-98
22	6.2	455	АИ-98
23	2	275	АИ-95
24	6.2	650	АИ-98
25	2	177	АИ-95
26	1.6	150	АИ-95
27	2	185	АИ-95
28	1.6	123	АИ-95
29	1.4	100	АИ-95
30	1.2	90	АИ-95
\.


--
-- TOC entry 4908 (class 0 OID 16603)
-- Dependencies: 227
-- Data for Name: fine; Type: TABLE DATA; Schema: public; Owner: postgres
--

COPY public.fine (id, instance_id, info, cost, date) FROM stdin;
2	13	12.16	1500	2018-01-21 05:58:57+03
4	6	12.6	1500	2017-05-21 18:46:25+03
5	10	12.16	1500	2021-06-28 13:17:21+03
6	2	12.6	500	2020-12-13 06:40:40+03
7	4	12.9	500	2020-07-28 14:10:34+03
9	12	12.16	1500	2024-04-11 13:37:42+03
10	6	12.19	3000	2020-10-01 17:50:28+03
11	8	12.19	3000	2020-03-08 11:13:02+03
12	10	12.6	1500	2018-08-28 03:13:04+03
13	15	12.9	500	2022-08-04 04:20:43+03
14	5	12.9	500	2022-11-17 11:31:26+03
15	12	12.16	1500	2023-11-29 17:06:14+03
16	9	12.19	3000	2023-11-20 20:31:08+03
18	1	12.19	3000	2024-01-18 03:21:19+03
19	6	12.9	500	2018-08-12 18:41:38+03
20	12	12.6	500	2020-10-29 23:13:30+03
22	13	12.16	1500	2023-12-29 20:21:56+03
23	15	12.19	3000	2022-07-25 03:11:41+03
24	7	12.9	500	2023-01-26 03:56:31+03
25	13	12.9	500	2024-01-18 06:26:58+03
26	9	12.9	500	2022-10-27 00:19:37+03
27	6	12.16	1500	2024-03-12 18:29:19+03
30	11	12.16	1500	2022-08-29 10:21:21+03
32	1	12.19	3000	2018-11-23 05:58:12+03
33	10	12.9	500	2021-05-20 15:53:05+03
35	8	12.19	3000	2020-09-05 14:32:32+03
36	13	12.9	500	2018-08-18 02:21:40+03
37	10	12.9	500	2019-06-29 17:26:58+03
38	16	12.6	500	2023-03-25 09:32:29+03
39	4	12.19	3000	2019-07-08 21:55:09+03
40	6	12.16	1500	2019-10-23 10:34:49+03
42	3	12.19	3000	2019-01-20 00:31:33+03
43	15	12.19	3000	2024-09-20 11:39:15+03
45	6	12.19	3000	2024-11-24 13:06:27+03
46	14	12.16	1500	2023-01-13 22:42:56+03
47	1	12.6	500	2018-03-17 16:42:11+03
48	15	12.6	500	2024-11-15 17:45:59+03
49	6	12.16	1500	2019-12-06 18:12:54+03
50	2	12.6	1500	2022-02-12 12:16:39+03
51	10	12.9	500	2024-06-09 21:23:14+03
52	1	12.19	3000	2022-08-18 04:10:32+03
53	15	12.9	500	2023-05-19 19:30:38+03
54	6	12.9	500	2016-06-27 20:50:07+03
55	1	12.16	1500	2017-02-01 13:24:29+03
56	3	12.9	500	2018-09-24 02:12:44+03
57	4	12.6	500	2022-01-02 08:57:06+03
58	1	12.9	500	2019-03-11 00:50:21+03
59	9	12.16	1500	2020-08-07 06:01:24+03
60	9	12.19	3000	2018-07-24 21:31:17+03
61	14	12.9	500	2022-06-12 17:31:31+03
62	15	12.9	500	2023-12-14 23:07:57+03
64	2	12.19	3000	2021-08-06 09:50:03+03
65	1	12.9	500	2022-09-24 17:44:18+03
66	9	12.19	3000	2021-06-22 09:12:19+03
67	1	12.9	500	2020-06-05 05:16:52+03
68	13	12.19	3000	2023-03-15 16:41:00+03
69	4	12.6	1500	2021-07-15 22:31:30+03
70	12	12.19	3000	2017-11-21 08:13:34+03
71	10	12.6	1500	2022-03-19 16:21:59+03
73	7	12.9	500	2022-07-22 15:56:44+03
74	14	12.6	500	2023-07-30 09:51:45+03
75	12	12.9	500	2020-09-15 06:21:01+03
76	8	12.9	500	2025-01-21 04:48:38+03
77	12	12.9	500	2023-12-05 06:03:29+03
78	2	12.16	1500	2019-09-16 05:29:23+03
80	12	12.6	1500	2021-04-13 17:33:21+03
81	13	12.16	1500	2018-11-12 03:06:41+03
83	13	12.9	500	2023-06-16 01:24:55+03
84	14	12.16	1500	2022-12-27 16:38:19+03
85	7	12.6	500	2023-01-31 13:30:27+03
87	15	12.19	3000	2020-05-07 16:45:14+03
88	8	12.9	500	2021-08-27 03:33:08+03
90	3	12.16	1500	2024-01-17 18:31:31+03
92	14	12.6	500	2022-07-20 01:27:29+03
93	13	12.19	3000	2016-03-28 06:50:32+03
94	5	12.19	3000	2021-02-25 18:57:55+03
95	10	12.9	500	2023-09-25 04:41:39+03
97	12	12.16	1500	2023-06-18 23:39:55+03
98	10	12.6	1500	2021-06-24 17:49:43+03
99	3	12.16	1500	2021-07-29 01:18:00+03
101	16	12.9	500	2020-11-15 01:44:16+03
102	5	12.9	500	2023-10-15 10:51:04+03
103	1	12.6	1500	2020-07-24 21:23:17+03
104	3	12.9	500	2022-04-29 15:56:54+03
106	12	12.6	500	2024-09-10 22:36:00+03
107	13	12.19	3000	2024-08-21 03:24:00+03
108	8	12.9	500	2024-02-20 02:04:48+03
109	10	12.6	500	2018-04-07 12:44:58+03
110	10	12.19	3000	2024-09-21 13:20:13+03
112	15	12.16	1500	2019-09-07 22:32:36+03
113	3	12.6	1500	2023-06-16 04:17:12+03
114	11	12.9	500	2021-04-03 13:16:06+03
115	11	12.19	3000	2021-05-26 12:55:17+03
116	13	12.9	500	2021-12-27 15:07:10+03
117	9	12.19	3000	2018-09-04 00:43:03+03
118	14	12.9	500	2024-09-15 21:39:28+03
119	7	12.16	1500	2021-01-08 09:20:06+03
121	6	12.16	1500	2022-02-17 15:34:35+03
122	3	12.19	3000	2017-07-11 21:35:48+03
125	14	12.19	3000	2023-02-17 03:08:23+03
126	10	12.6	500	2020-02-12 17:29:47+03
127	6	12.16	1500	2016-08-26 00:45:20+03
128	2	12.6	1500	2019-07-11 01:46:11+03
130	3	12.9	500	2023-04-07 06:11:43+03
133	4	12.9	500	2023-03-30 09:14:31+03
134	11	12.19	3000	2021-08-26 23:35:25+03
135	14	12.6	1500	2025-01-06 03:51:25+03
136	9	12.9	500	2024-07-09 11:45:47+03
137	6	12.9	500	2017-08-14 07:38:34+03
138	6	12.6	1500	2017-03-22 09:44:25+03
139	5	12.9	500	2022-12-28 01:50:04+03
140	11	12.19	3000	2024-07-10 14:19:26+03
141	6	12.16	1500	2018-04-18 07:24:02+03
142	12	12.9	500	2022-12-09 20:10:26+03
143	5	12.6	500	2017-09-17 06:44:05+03
144	6	12.6	1500	2024-09-08 03:56:29+03
145	9	12.9	500	2024-03-13 03:33:36+03
146	9	12.19	3000	2020-03-03 20:27:19+03
147	13	12.16	1500	2021-11-27 16:16:01+03
148	15	12.19	3000	2022-05-03 11:50:57+03
149	10	12.19	3000	2024-06-22 11:20:05+03
150	13	12.16	1500	2018-10-11 11:58:26+03
152	3	12.6	500	2023-12-26 23:27:51+03
153	14	12.9	500	2022-10-12 17:10:39+03
154	11	12.19	3000	2021-01-08 22:15:35+03
155	9	12.6	1500	2019-07-30 01:21:37+03
156	13	12.9	500	2024-03-26 00:58:54+03
157	7	12.16	1500	2019-12-15 19:08:53+03
158	6	12.16	1500	2021-07-28 11:07:57+03
159	10	12.16	1500	2020-10-21 22:47:06+03
160	10	12.9	500	2021-01-15 09:21:29+03
162	3	12.9	500	2018-10-15 21:16:07+03
165	5	12.16	1500	2024-12-17 10:08:53+03
166	2	12.19	3000	2020-12-04 09:50:32+03
167	10	12.19	3000	2022-12-18 10:15:16+03
168	2	12.19	3000	2023-05-31 23:08:03+03
169	9	12.19	3000	2024-04-02 05:01:47+03
170	7	12.19	3000	2021-09-18 02:41:50+03
173	15	12.9	500	2023-04-12 04:51:53+03
174	10	12.19	3000	2023-09-10 06:50:41+03
175	3	12.19	3000	2019-03-04 19:05:08+03
177	10	12.9	500	2018-02-17 16:26:01+03
178	6	12.19	3000	2022-04-30 17:19:09+03
183	7	12.19	3000	2021-02-02 03:04:11+03
184	7	12.6	500	2020-12-10 05:25:56+03
187	1	12.6	500	2022-03-30 22:49:02+03
188	9	12.16	1500	2020-04-04 15:46:09+03
190	16	12.19	3000	2022-11-08 11:36:35+03
191	12	12.19	3000	2022-10-12 12:11:19+03
194	10	12.19	3000	2018-11-07 22:06:29+03
197	6	12.9	500	2023-10-02 21:35:39+03
199	16	12.6	1500	2023-10-03 15:18:03+03
201	10	12.19	3000	2021-07-17 07:24:29+03
202	13	12.6	500	2024-11-08 22:17:10+03
203	5	12.19	3000	2019-12-15 19:48:06+03
204	4	12.19	3000	2018-07-27 12:48:34+03
205	4	12.19	3000	2019-10-01 04:38:35+03
206	16	12.9	500	2019-08-31 14:15:37+03
207	13	12.19	3000	2022-07-01 00:47:30+03
208	2	12.16	1500	2021-02-04 21:31:27+03
209	3	12.16	1500	2024-02-16 18:42:11+03
210	5	12.9	500	2020-11-26 13:10:27+03
211	11	12.9	500	2020-11-30 13:05:57+03
212	16	12.19	3000	2023-11-02 22:54:56+03
213	8	12.19	3000	2023-10-24 09:19:10+03
218	9	12.9	500	2024-06-07 22:49:45+03
219	4	12.9	500	2019-09-06 22:16:12+03
220	12	12.19	3000	2018-03-04 19:29:34+03
221	6	12.9	500	2020-07-11 10:12:30+03
222	8	12.6	500	2020-12-10 03:40:16+03
223	7	12.19	3000	2024-09-28 22:02:37+03
224	9	12.9	500	2022-07-26 14:18:01+03
225	5	12.16	1500	2020-10-11 00:20:56+03
226	8	12.19	3000	2021-02-22 03:05:55+03
227	6	12.19	3000	2020-05-14 19:30:16+03
228	7	12.19	3000	2020-08-29 05:03:07+03
229	5	12.6	500	2017-09-22 23:54:26+03
230	12	12.19	3000	2018-11-26 11:09:17+03
231	5	12.9	500	2018-05-06 19:45:48+03
233	16	12.16	1500	2023-04-20 03:33:09+03
234	3	12.9	500	2022-06-03 01:44:50+03
236	6	12.16	1500	2020-12-12 05:22:55+03
237	5	12.16	1500	2018-09-02 20:16:40+03
238	7	12.19	3000	2023-10-09 01:28:57+03
239	2	12.19	3000	2024-09-01 07:57:22+03
240	5	12.16	1500	2024-10-13 13:37:27+03
242	1	12.9	500	2021-05-04 19:55:47+03
243	13	12.19	3000	2024-09-18 20:10:47+03
244	13	12.19	3000	2025-01-03 05:56:17+03
245	12	12.6	1500	2018-11-26 22:56:12+03
246	12	12.16	1500	2023-02-15 10:05:18+03
247	3	12.6	1500	2018-06-22 20:39:35+03
248	16	12.9	500	2020-12-08 22:13:48+03
249	12	12.9	500	2023-11-19 07:21:11+03
250	2	12.9	500	2024-10-02 08:59:24+03
251	6	12.9	500	2018-06-11 13:56:27+03
252	13	12.6	500	2018-04-22 11:07:16+03
253	3	12.9	500	2018-08-31 09:35:03+03
256	2	12.9	500	2020-01-04 23:05:12+03
257	10	12.19	3000	2023-09-11 09:45:13+03
258	10	12.9	500	2024-01-27 16:32:49+03
259	15	12.9	500	2021-11-12 11:49:22+03
261	7	12.19	3000	2021-07-12 19:38:25+03
263	13	12.16	1500	2020-06-29 04:38:50+03
264	6	12.19	3000	2024-12-18 10:59:31+03
265	6	12.9	500	2018-05-13 19:44:10+03
266	10	12.9	500	2021-08-23 17:04:48+03
267	9	12.9	500	2016-11-13 23:17:46+03
268	6	12.16	1500	2022-02-20 13:36:34+03
269	12	12.19	3000	2024-01-05 17:22:03+03
270	3	12.16	1500	2020-09-17 09:35:52+03
271	1	12.9	500	2020-10-11 05:42:37+03
272	5	12.16	1500	2020-01-23 16:48:21+03
273	11	12.16	1500	2022-07-29 11:05:27+03
274	8	12.19	3000	2024-04-05 06:02:53+03
275	1	12.6	1500	2021-05-10 03:23:17+03
276	7	12.9	500	2020-05-14 23:14:52+03
277	2	12.19	3000	2019-07-29 01:21:21+03
278	1	12.19	3000	2021-11-11 15:25:05+03
279	12	12.6	1500	2024-11-27 13:20:15+03
280	3	12.9	500	2024-05-19 22:47:13+03
281	13	12.9	500	2022-06-14 14:35:48+03
282	7	12.16	1500	2019-11-28 16:40:44+03
283	16	12.9	500	2020-11-01 17:35:42+03
286	16	12.9	500	2022-01-16 03:14:18+03
287	13	12.9	500	2019-01-24 10:30:58+03
288	8	12.16	1500	2025-03-02 06:31:51+03
289	9	12.6	1500	2018-08-29 14:34:05+03
290	15	12.9	500	2024-10-24 00:54:19+03
292	16	12.6	1500	2023-10-07 11:32:58+03
293	13	12.19	3000	2021-02-27 11:35:30+03
294	1	12.9	500	2016-02-17 08:35:41+03
295	2	12.19	3000	2021-05-30 09:07:26+03
296	2	12.9	500	2020-08-08 06:59:49+03
297	8	12.19	3000	2019-12-16 06:51:06+03
298	10	12.9	500	2019-03-30 10:00:19+03
299	14	12.6	500	2021-09-23 16:05:09+03
300	3	12.19	3000	2022-12-01 21:01:45+03
304	1	12.19	3000	2017-04-20 01:14:00+03
305	16	12.19	3000	2022-05-06 08:38:40+03
306	1	12.9	500	2018-12-05 21:27:17+03
309	5	12.9	500	2025-03-12 13:10:38+03
310	3	12.9	500	2019-03-05 09:38:42+03
312	15	12.16	1500	2022-09-05 03:58:42+03
313	9	12.6	1500	2021-08-09 22:58:03+03
315	12	12.19	3000	2022-05-21 17:58:11+03
316	2	12.6	1500	2021-03-30 03:34:36+03
317	14	12.9	500	2022-05-12 11:51:07+03
318	2	12.19	3000	2020-02-03 23:43:40+03
319	10	12.19	3000	2020-10-03 02:48:05+03
320	8	12.6	500	2023-11-08 01:44:24+03
322	13	12.19	3000	2019-09-13 19:59:19+03
323	4	12.9	500	2024-10-03 10:37:50+03
324	8	12.9	500	2023-07-06 17:43:23+03
325	16	12.19	3000	2021-06-05 06:47:25+03
326	4	12.19	3000	2019-07-11 02:16:24+03
327	11	12.9	500	2022-01-28 13:44:34+03
328	8	12.9	500	2020-02-02 19:05:37+03
329	3	12.6	1500	2017-11-24 10:28:57+03
330	14	12.6	500	2022-07-15 12:27:19+03
331	2	12.6	1500	2020-10-10 05:52:23+03
332	5	12.16	1500	2020-01-18 08:20:00+03
333	9	12.16	1500	2019-10-08 10:59:51+03
334	12	12.9	500	2024-04-21 10:03:44+03
336	8	12.19	3000	2021-11-28 07:27:00+03
337	15	12.16	1500	2023-11-07 21:47:36+03
338	9	12.19	3000	2021-08-07 01:13:10+03
339	6	12.16	1500	2019-08-04 01:03:00+03
340	2	12.16	1500	2022-04-26 12:46:59+03
342	15	12.6	1500	2021-05-02 06:29:30+03
344	15	12.6	1500	2021-04-27 05:07:57+03
346	5	12.19	3000	2023-12-20 21:32:24+03
347	9	12.16	1500	2017-09-10 10:47:15+03
350	1	12.16	1500	2022-07-04 07:57:50+03
351	13	12.6	1500	2018-01-07 09:41:09+03
352	12	12.6	500	2020-03-12 13:44:05+03
355	11	12.9	500	2020-11-27 05:57:26+03
356	8	12.6	1500	2020-05-05 06:05:54+03
358	13	12.16	1500	2020-02-19 21:53:11+03
360	13	12.9	500	2019-01-26 23:37:22+03
361	9	12.9	500	2019-10-19 20:57:43+03
362	4	12.16	1500	2022-04-19 04:23:43+03
363	7	12.6	500	2023-05-11 04:46:32+03
364	7	12.9	500	2019-07-11 18:25:35+03
365	5	12.19	3000	2019-11-01 17:47:22+03
366	13	12.6	1500	2023-08-24 15:28:14+03
367	2	12.9	500	2023-08-25 00:35:51+03
368	8	12.9	500	2023-02-21 19:54:09+03
369	12	12.9	500	2020-10-30 11:29:04+03
370	8	12.19	3000	2020-08-28 08:46:46+03
371	13	12.9	500	2016-08-30 10:01:19+03
372	1	12.9	500	2018-04-20 01:54:46+03
373	15	12.9	500	2021-11-27 21:15:04+03
374	9	12.6	500	2021-08-28 04:05:27+03
376	2	12.16	1500	2023-04-06 00:53:25+03
377	9	12.19	3000	2016-12-21 08:25:13+03
378	10	12.19	3000	2019-07-03 15:33:13+03
379	6	12.9	500	2022-07-07 05:30:46+03
380	1	12.6	1500	2023-10-18 11:06:06+03
381	6	12.6	500	2020-05-24 04:24:32+03
382	11	12.9	500	2021-09-29 08:45:09+03
384	5	12.16	1500	2023-10-05 06:56:12+03
385	15	12.16	1500	2019-10-31 15:48:49+03
386	16	12.19	3000	2023-01-07 20:19:55+03
390	5	12.9	500	2022-08-06 22:16:10+03
391	6	12.9	500	2017-12-30 22:20:27+03
392	14	12.9	500	2024-02-05 17:02:58+03
394	5	12.6	500	2020-04-10 16:34:19+03
395	12	12.19	3000	2018-04-16 06:57:45+03
396	10	12.19	3000	2018-05-12 00:45:31+03
397	2	12.9	500	2022-03-18 14:14:22+03
398	6	12.6	1500	2023-09-11 18:47:56+03
400	5	12.9	500	2023-11-23 12:42:33+03
401	1	12.9	500	2025-03-03 14:41:16+03
403	13	12.9	500	2020-07-17 19:10:16+03
404	10	12.9	500	2024-08-01 18:16:27+03
409	9	12.19	3000	2020-02-15 05:59:35+03
410	12	12.9	500	2022-03-29 08:48:20+03
411	11	12.19	3000	2021-02-06 02:45:56+03
412	6	12.19	3000	2020-01-03 06:38:09+03
413	13	12.6	1500	2025-01-07 14:56:53+03
415	16	12.9	500	2023-10-24 10:54:25+03
417	5	12.6	1500	2024-09-23 06:49:49+03
419	11	12.6	1500	2021-04-22 12:23:10+03
421	10	12.9	500	2017-08-10 11:56:43+03
422	12	12.6	1500	2024-08-11 07:38:34+03
423	15	12.6	500	2025-03-08 12:20:59+03
424	16	12.9	500	2020-02-27 07:05:29+03
425	8	12.9	500	2020-06-18 12:14:25+03
427	6	12.9	500	2025-03-16 14:38:31+03
428	4	12.19	3000	2022-04-06 16:31:35+03
429	3	12.9	500	2017-10-21 14:23:38+03
430	12	12.16	1500	2021-05-25 19:53:58+03
431	9	12.9	500	2024-05-01 06:31:07+03
432	3	12.9	500	2019-09-24 08:53:32+03
433	12	12.6	500	2021-11-29 20:20:10+03
434	11	12.19	3000	2021-05-20 19:08:48+03
435	6	12.19	3000	2023-08-03 08:59:04+03
437	2	12.9	500	2020-08-25 21:23:39+03
438	1	12.9	500	2020-08-12 08:37:36+03
439	6	12.9	500	2018-06-02 00:10:22+03
440	3	12.9	500	2022-06-25 22:15:30+03
441	13	12.9	500	2017-12-20 03:07:45+03
443	2	12.9	500	2024-12-22 19:00:05+03
446	4	12.9	500	2024-12-28 08:49:09+03
447	11	12.19	3000	2024-04-25 18:41:08+03
448	16	12.19	3000	2020-08-29 07:36:38+03
449	10	12.6	1500	2021-06-13 09:37:38+03
451	10	12.9	500	2023-05-03 02:05:23+03
452	6	12.9	500	2019-07-21 14:31:06+03
453	1	12.9	500	2017-05-23 08:31:48+03
454	7	12.6	500	2020-05-04 05:24:14+03
455	6	12.16	1500	2024-12-30 15:23:55+03
456	1	12.6	500	2023-12-07 08:34:20+03
457	12	12.9	500	2018-11-27 09:07:13+03
458	4	12.6	1500	2019-01-27 17:47:46+03
459	1	12.19	3000	2024-02-26 07:27:37+03
461	1	12.19	3000	2024-01-24 19:23:40+03
462	1	12.19	3000	2018-10-16 16:03:04+03
464	14	12.16	1500	2021-07-07 16:26:57+03
465	9	12.6	500	2024-09-01 07:55:23+03
467	8	12.9	500	2022-10-15 02:01:39+03
468	6	12.9	500	2024-11-14 10:55:45+03
470	2	12.19	3000	2024-08-25 13:31:58+03
471	9	12.6	1500	2023-05-18 05:13:59+03
472	8	12.6	500	2020-05-30 12:12:21+03
473	6	12.9	500	2023-03-28 11:14:03+03
474	2	12.19	3000	2024-01-22 00:54:37+03
475	11	12.9	500	2022-02-01 04:03:50+03
476	11	12.9	500	2025-03-29 10:00:05+03
477	8	12.19	3000	2020-11-12 21:43:03+03
478	9	12.9	500	2022-10-20 16:20:15+03
479	6	12.9	500	2024-03-17 06:13:39+03
480	1	12.9	500	2022-05-20 16:38:53+03
481	1	12.9	500	2017-03-23 18:44:50+03
482	12	12.9	500	2019-11-08 02:56:47+03
483	11	12.19	3000	2020-09-27 21:42:50+03
484	5	12.6	500	2023-03-04 19:25:06+03
485	13	12.16	1500	2021-09-18 14:30:40+03
486	12	12.9	500	2019-06-25 00:46:00+03
487	14	12.16	1500	2024-07-26 00:42:56+03
488	5	12.6	500	2018-10-15 02:13:39+03
489	6	12.19	3000	2024-08-28 02:40:09+03
490	3	12.16	1500	2023-07-10 13:51:48+03
491	1	12.19	3000	2020-09-16 03:39:07+03
493	12	12.19	3000	2022-12-28 06:24:44+03
494	15	12.9	500	2020-10-26 15:21:54+03
496	6	12.19	3000	2021-09-01 03:01:10+03
497	10	12.16	1500	2023-02-05 22:09:09+03
498	9	12.19	3000	2018-09-12 23:13:38+03
499	8	12.16	1500	2020-11-13 13:51:43+03
500	15	12.9	500	2024-12-01 17:59:38+03
501	15	12.16	1500	2020-04-19 12:08:04+03
502	16	12.6	500	2021-04-21 18:21:31+03
504	12	12.6	1500	2024-08-26 13:23:10+03
505	1	12.6	1500	2023-12-10 15:19:56+03
506	9	12.9	500	2023-07-31 12:24:10+03
508	10	12.9	500	2021-09-01 12:15:36+03
510	15	12.6	1500	2022-08-02 09:12:18+03
511	7	12.6	500	2020-11-05 15:22:33+03
513	2	12.19	3000	2021-12-09 22:02:54+03
514	3	12.9	500	2020-11-23 11:30:39+03
515	16	12.19	3000	2023-12-14 17:07:56+03
516	14	12.19	3000	2022-09-17 22:10:56+03
518	16	12.9	500	2024-10-24 04:30:41+03
519	1	12.9	500	2022-01-11 12:14:53+03
521	2	12.16	1500	2020-06-14 13:09:04+03
522	9	12.16	1500	2017-02-10 03:36:24+03
523	13	12.19	3000	2022-07-27 10:51:40+03
525	2	12.9	500	2022-04-30 20:41:40+03
526	12	12.9	500	2022-01-17 02:54:58+03
527	10	12.6	1500	2021-10-04 20:51:40+03
528	12	12.9	500	2019-02-01 11:03:25+03
529	12	12.19	3000	2023-06-05 10:11:33+03
530	1	12.9	500	2025-01-05 14:07:28+03
531	1	12.16	1500	2019-10-27 10:06:17+03
532	9	12.6	1500	2017-08-18 22:42:06+03
533	6	12.9	500	2019-07-20 04:44:32+03
534	2	12.9	500	2023-03-05 15:00:57+03
535	4	12.19	3000	2024-08-13 20:25:00+03
536	3	12.9	500	2024-01-12 01:28:39+03
537	5	12.19	3000	2023-05-28 03:08:30+03
539	9	12.6	1500	2017-06-27 02:58:41+03
540	6	12.9	500	2016-03-11 04:47:51+03
541	8	12.16	1500	2019-08-26 01:25:27+03
542	15	12.19	3000	2021-05-13 17:44:54+03
543	5	12.19	3000	2023-12-13 07:23:47+03
544	8	12.19	3000	2023-06-05 04:49:30+03
545	5	12.16	1500	2021-08-11 23:59:08+03
546	9	12.19	3000	2020-11-18 04:35:11+03
548	6	12.9	500	2020-02-02 19:57:09+03
550	11	12.6	500	2023-03-05 17:55:45+03
551	13	12.9	500	2024-01-31 13:55:28+03
552	3	12.9	500	2017-10-28 05:36:40+03
553	2	12.16	1500	2024-11-12 14:27:02+03
555	9	12.6	500	2023-08-11 20:30:45+03
556	10	12.9	500	2021-08-18 16:58:03+03
557	12	12.16	1500	2023-03-29 10:26:44+03
558	3	12.6	1500	2017-11-28 17:43:01+03
559	13	12.16	1500	2023-08-09 15:03:09+03
561	12	12.19	3000	2024-03-22 06:39:33+03
562	16	12.16	1500	2019-07-15 22:38:53+03
563	10	12.9	500	2019-05-15 01:26:20+03
564	12	12.6	500	2019-04-27 07:30:41+03
566	1	12.6	500	2017-10-19 05:58:20+03
568	6	12.9	500	2024-07-09 14:19:33+03
569	13	12.19	3000	2023-10-19 10:38:06+03
570	12	12.9	500	2017-09-07 11:22:50+03
571	16	12.6	1500	2021-03-07 23:07:33+03
572	9	12.6	500	2023-10-23 10:11:07+03
573	3	12.16	1500	2023-10-25 17:04:44+03
575	12	12.19	3000	2018-09-20 07:21:06+03
576	10	12.16	1500	2018-12-06 14:34:35+03
577	10	12.9	500	2022-01-05 06:38:07+03
579	4	12.19	3000	2019-06-28 23:51:47+03
580	16	12.9	500	2020-12-29 09:38:26+03
582	10	12.19	3000	2018-07-05 18:11:02+03
583	9	12.6	500	2017-01-10 20:38:33+03
584	9	12.19	3000	2024-03-03 09:30:44+03
585	9	12.19	3000	2024-02-06 23:16:07+03
586	6	12.19	3000	2018-06-29 03:05:43+03
587	16	12.19	3000	2019-12-30 17:01:09+03
588	15	12.9	500	2024-12-06 00:57:13+03
589	14	12.6	1500	2023-02-13 21:36:56+03
590	6	12.9	500	2016-12-11 03:31:51+03
592	9	12.19	3000	2023-10-18 09:33:01+03
593	7	12.9	500	2022-04-13 21:28:49+03
594	11	12.9	500	2020-12-02 00:24:20+03
595	13	12.19	3000	2021-02-27 08:13:55+03
597	6	12.9	500	2018-02-16 19:29:04+03
599	8	12.19	3000	2020-05-14 07:37:26+03
605	5	12.19	3000	2018-11-10 01:23:46+03
606	14	12.9	500	2024-05-21 16:55:56+03
607	16	12.16	1500	2020-07-21 00:45:10+03
608	1	12.6	1500	2025-02-08 11:54:53+03
610	12	12.19	3000	2024-12-14 20:02:14+03
611	15	12.16	1500	2021-02-02 22:59:00+03
612	12	12.19	3000	2024-02-01 14:08:10+03
613	1	12.6	1500	2019-01-24 23:41:18+03
614	2	12.16	1500	2021-03-28 13:17:29+03
616	10	12.6	500	2022-08-07 23:00:46+03
617	12	12.9	500	2024-08-08 01:04:03+03
618	8	12.9	500	2021-01-19 04:28:12+03
619	1	12.6	1500	2021-06-26 11:10:08+03
620	8	12.16	1500	2021-11-12 21:42:22+03
622	3	12.19	3000	2017-10-21 13:31:17+03
623	13	12.6	500	2020-02-16 02:10:00+03
624	1	12.19	3000	2017-02-28 03:49:52+03
625	5	12.9	500	2019-04-22 00:27:44+03
626	10	12.19	3000	2017-11-18 17:31:29+03
627	12	12.9	500	2017-12-09 22:09:09+03
629	10	12.19	3000	2021-07-08 07:18:47+03
633	6	12.9	500	2022-03-04 04:23:29+03
634	7	12.19	3000	2022-06-29 12:32:16+03
635	3	12.9	500	2018-07-13 06:06:38+03
637	6	12.9	500	2017-10-18 11:07:57+03
638	1	12.9	500	2017-04-21 15:35:51+03
640	4	12.6	500	2021-03-26 03:22:53+03
641	3	12.16	1500	2023-05-03 23:34:07+03
642	8	12.19	3000	2020-03-12 08:32:08+03
644	10	12.16	1500	2020-01-07 07:37:02+03
645	11	12.19	3000	2024-07-25 12:03:35+03
646	12	12.19	3000	2018-12-07 00:02:40+03
647	14	12.19	3000	2023-04-06 15:16:38+03
648	5	12.16	1500	2021-12-10 04:57:34+03
649	2	12.16	1500	2021-03-07 17:03:15+03
650	5	12.19	3000	2022-02-09 14:42:01+03
651	5	12.6	1500	2024-04-09 22:55:09+03
652	8	12.19	3000	2025-03-04 12:20:39+03
655	15	12.19	3000	2021-07-08 00:25:25+03
656	16	12.9	500	2022-06-07 18:21:31+03
657	16	12.16	1500	2022-09-21 12:26:37+03
659	8	12.9	500	2019-10-15 18:34:30+03
660	16	12.19	3000	2021-05-18 07:31:32+03
662	7	12.19	3000	2022-12-30 17:16:12+03
663	5	12.6	500	2020-07-02 03:27:35+03
664	10	12.9	500	2017-12-18 10:43:56+03
665	8	12.19	3000	2025-03-17 12:36:41+03
666	2	12.9	500	2024-10-06 12:14:12+03
667	4	12.9	500	2020-12-18 04:10:32+03
668	11	12.6	1500	2020-12-03 00:43:28+03
669	9	12.19	3000	2017-12-22 03:39:08+03
672	8	12.9	500	2020-01-23 17:27:49+03
673	9	12.6	500	2020-10-04 03:14:51+03
674	14	12.9	500	2021-10-29 21:42:15+03
675	16	12.16	1500	2019-12-25 03:04:43+03
676	10	12.19	3000	2019-01-02 09:39:59+03
677	13	12.19	3000	2024-06-10 10:44:16+03
678	13	12.16	1500	2018-09-23 01:50:28+03
679	13	12.16	1500	2016-02-20 00:04:17+03
681	10	12.6	1500	2020-12-09 16:57:29+03
682	7	12.19	3000	2024-11-30 10:54:46+03
683	10	12.16	1500	2017-08-29 11:32:03+03
685	14	12.9	500	2023-05-25 23:55:22+03
686	3	12.19	3000	2018-12-03 14:58:57+03
687	2	12.16	1500	2021-09-24 23:32:49+03
688	4	12.19	3000	2021-05-17 09:34:34+03
689	13	12.9	500	2016-05-11 21:55:52+03
690	7	12.16	1500	2020-01-10 06:03:15+03
691	3	12.9	500	2023-10-25 09:41:40+03
692	14	12.19	3000	2024-11-18 13:37:09+03
693	1	12.19	3000	2024-07-15 12:47:48+03
694	10	12.19	3000	2017-08-10 01:11:52+03
695	3	12.19	3000	2022-08-17 11:54:16+03
696	13	12.19	3000	2020-08-12 03:37:43+03
698	1	12.9	500	2023-10-17 11:41:16+03
699	10	12.9	500	2020-09-19 15:27:07+03
700	6	12.6	500	2019-09-13 18:25:35+03
701	13	12.6	1500	2020-04-06 02:16:34+03
703	13	12.9	500	2016-04-18 23:14:19+03
704	4	12.6	500	2018-08-23 15:20:37+03
706	1	12.16	1500	2018-09-24 16:03:53+03
707	4	12.6	500	2020-05-13 23:50:34+03
708	9	12.9	500	2022-06-30 13:51:11+03
709	4	12.19	3000	2020-07-26 00:52:20+03
710	1	12.9	500	2024-02-03 12:15:01+03
711	2	12.9	500	2020-10-16 18:05:01+03
712	9	12.9	500	2020-08-20 17:54:32+03
713	16	12.9	500	2023-05-30 17:20:55+03
714	16	12.9	500	2020-03-23 15:59:00+03
715	7	12.19	3000	2022-02-01 09:33:07+03
718	9	12.9	500	2020-11-02 12:24:48+03
720	4	12.9	500	2020-03-19 12:34:21+03
721	15	12.9	500	2021-10-27 04:39:58+03
722	5	12.19	3000	2022-06-10 05:48:56+03
723	16	12.6	1500	2019-12-08 22:09:58+03
724	3	12.9	500	2020-04-30 15:38:25+03
726	2	12.6	500	2024-12-04 09:02:07+03
727	14	12.9	500	2023-10-08 00:04:07+03
729	15	12.9	500	2022-03-14 07:51:23+03
730	8	12.6	500	2020-04-20 14:57:58+03
732	1	12.6	500	2023-09-16 15:15:45+03
733	16	12.19	3000	2020-08-12 12:40:54+03
734	1	12.19	3000	2017-08-15 09:13:34+03
735	13	12.19	3000	2020-08-05 18:25:07+03
736	16	12.16	1500	2021-12-30 21:03:21+03
737	6	12.16	1500	2017-09-30 09:55:43+03
738	13	12.19	3000	2017-10-03 05:49:42+03
739	16	12.6	500	2022-09-21 04:42:55+03
740	15	12.6	500	2023-01-13 18:51:37+03
741	2	12.19	3000	2022-05-09 10:04:13+03
742	11	12.19	3000	2022-07-16 19:08:05+03
743	1	12.9	500	2019-06-15 17:30:43+03
744	9	12.19	3000	2018-02-24 23:29:49+03
745	12	12.19	3000	2018-02-15 22:43:22+03
746	5	12.9	500	2019-09-04 12:29:53+03
747	16	12.16	1500	2022-09-06 20:50:52+03
751	6	12.16	1500	2025-02-28 20:36:34+03
752	15	12.19	3000	2024-06-08 22:00:58+03
753	10	12.9	500	2021-04-12 19:56:45+03
754	13	12.6	1500	2016-08-18 06:34:04+03
755	14	12.16	1500	2025-03-31 19:48:44+03
756	10	12.9	500	2019-02-02 03:24:05+03
757	1	12.9	500	2022-09-09 00:57:15+03
758	12	12.16	1500	2024-04-14 12:57:57+03
759	14	12.6	1500	2024-10-19 00:38:49+03
760	2	12.19	3000	2019-12-11 06:30:39+03
761	14	12.16	1500	2021-08-01 17:24:56+03
762	5	12.9	500	2017-10-05 00:51:27+03
763	15	12.16	1500	2023-09-21 20:03:04+03
764	1	12.19	3000	2020-09-08 20:58:58+03
766	9	12.9	500	2023-05-14 09:50:55+03
767	5	12.16	1500	2024-10-22 07:15:34+03
768	9	12.9	500	2023-09-24 14:01:38+03
769	4	12.9	500	2022-02-01 19:09:21+03
773	13	12.19	3000	2017-06-30 11:14:35+03
774	5	12.6	500	2017-08-16 14:39:38+03
775	8	12.9	500	2023-03-11 13:14:08+03
777	13	12.19	3000	2019-05-04 19:51:38+03
778	15	12.16	1500	2021-02-05 21:18:01+03
780	11	12.6	500	2023-05-23 20:23:28+03
782	1	12.6	500	2023-12-22 15:20:57+03
784	1	12.19	3000	2022-04-28 02:33:40+03
786	6	12.16	1500	2018-10-29 21:48:50+03
787	9	12.9	500	2024-06-18 10:42:19+03
788	1	12.16	1500	2021-07-03 12:42:06+03
789	13	12.9	500	2019-02-14 10:43:53+03
790	9	12.16	1500	2020-03-12 21:06:20+03
791	12	12.19	3000	2020-05-10 12:32:23+03
792	13	12.16	1500	2016-07-28 20:38:24+03
794	16	12.6	1500	2019-07-13 10:00:25+03
795	13	12.9	500	2018-04-19 05:28:07+03
796	1	12.6	500	2024-03-22 21:16:41+03
797	10	12.6	500	2023-03-22 04:18:11+03
799	10	12.6	500	2022-09-17 09:55:12+03
800	12	12.9	500	2018-09-08 00:29:42+03
801	16	12.19	3000	2020-11-20 23:37:44+03
802	2	12.19	3000	2020-09-01 05:25:42+03
803	13	12.19	3000	2022-11-03 01:35:32+03
805	15	12.6	500	2021-03-16 14:09:38+03
806	11	12.9	500	2021-10-14 06:38:11+03
807	13	12.9	500	2018-10-17 14:21:43+03
808	10	12.9	500	2024-12-02 09:24:37+03
809	8	12.9	500	2023-09-07 01:43:18+03
810	8	12.19	3000	2024-10-30 02:25:10+03
812	5	12.16	1500	2022-08-28 18:33:32+03
813	3	12.16	1500	2021-09-18 16:50:13+03
814	8	12.6	500	2023-02-02 16:20:23+03
820	4	12.6	500	2023-05-07 13:55:46+03
821	8	12.19	3000	2022-07-12 16:45:47+03
822	1	12.16	1500	2017-06-08 11:32:55+03
823	15	12.6	1500	2020-03-24 03:09:47+03
825	5	12.19	3000	2018-03-24 03:01:12+03
826	16	12.19	3000	2023-11-22 09:55:52+03
827	5	12.9	500	2025-01-14 23:56:12+03
830	12	12.6	500	2018-06-02 06:38:09+03
832	4	12.16	1500	2021-04-26 05:23:39+03
835	13	12.16	1500	2019-03-13 17:52:19+03
836	1	12.9	500	2024-07-10 22:41:35+03
837	13	12.6	1500	2018-02-13 12:16:39+03
838	1	12.9	500	2022-07-19 01:58:23+03
839	5	12.6	500	2018-08-19 20:13:32+03
840	1	12.6	500	2019-10-10 02:54:09+03
842	15	12.19	3000	2023-10-16 12:25:26+03
843	8	12.19	3000	2022-02-23 04:07:46+03
845	12	12.9	500	2022-03-15 15:59:41+03
846	8	12.9	500	2020-09-19 03:30:28+03
848	5	12.9	500	2018-07-28 02:35:39+03
849	5	12.6	1500	2024-01-24 19:21:58+03
850	6	12.19	3000	2019-02-01 20:30:16+03
851	5	12.6	1500	2019-05-20 00:48:13+03
853	11	12.19	3000	2022-04-08 08:00:19+03
854	15	12.9	500	2025-01-14 04:53:38+03
855	7	12.19	3000	2023-06-28 21:19:32+03
856	11	12.6	1500	2024-05-16 09:30:51+03
857	14	12.19	3000	2023-12-22 04:54:30+03
858	10	12.19	3000	2020-05-13 03:07:59+03
859	10	12.19	3000	2018-11-06 21:46:05+03
860	5	12.9	500	2021-10-12 08:32:06+03
861	16	12.6	1500	2020-11-14 03:39:17+03
862	8	12.19	3000	2022-05-08 09:17:16+03
863	13	12.19	3000	2021-06-02 11:52:30+03
864	7	12.9	500	2022-02-06 18:49:10+03
865	6	12.6	500	2023-04-26 15:36:42+03
866	8	12.9	500	2020-07-04 17:13:35+03
867	9	12.6	1500	2022-04-19 04:15:10+03
869	6	12.6	500	2021-07-22 10:27:40+03
870	12	12.6	500	2024-06-12 10:48:40+03
871	2	12.9	500	2020-09-17 01:26:43+03
872	13	12.9	500	2020-01-12 02:43:39+03
874	1	12.6	1500	2017-07-06 21:12:01+03
877	4	12.9	500	2021-05-14 05:52:43+03
878	1	12.6	500	2020-09-28 20:51:57+03
879	14	12.6	500	2022-09-13 15:19:12+03
880	2	12.6	1500	2023-12-13 19:16:04+03
881	16	12.16	1500	2023-10-21 00:38:14+03
882	13	12.19	3000	2023-06-28 13:57:32+03
884	10	12.16	1500	2019-03-02 22:16:01+03
886	4	12.19	3000	2019-04-07 22:04:53+03
887	4	12.9	500	2022-03-17 04:55:48+03
888	13	12.6	1500	2024-10-10 23:32:17+03
890	1	12.9	500	2018-06-28 17:04:26+03
891	4	12.19	3000	2021-11-29 23:01:28+03
892	2	12.16	1500	2024-12-19 10:51:43+03
893	7	12.9	500	2023-02-14 13:20:10+03
894	14	12.6	1500	2024-02-26 11:18:03+03
897	12	12.9	500	2022-08-07 17:04:37+03
899	6	12.9	500	2018-10-26 10:48:43+03
900	2	12.16	1500	2021-07-22 06:15:52+03
902	6	12.19	3000	2017-06-29 06:34:41+03
903	13	12.6	1500	2024-10-31 14:25:40+03
904	10	12.19	3000	2019-04-14 21:19:34+03
905	15	12.9	500	2020-12-09 17:24:23+03
906	13	12.9	500	2016-08-16 03:43:22+03
907	12	12.9	500	2024-03-29 17:40:19+03
908	12	12.9	500	2021-01-01 23:53:13+03
909	1	12.9	500	2021-05-16 10:43:57+03
912	3	12.9	500	2019-08-28 10:32:44+03
913	1	12.19	3000	2017-01-28 05:14:17+03
915	9	12.19	3000	2024-07-27 01:33:31+03
916	13	12.19	3000	2017-09-01 08:55:52+03
918	16	12.6	500	2023-02-14 20:29:42+03
919	15	12.19	3000	2020-11-06 08:56:01+03
920	1	12.19	3000	2024-04-03 10:04:39+03
922	4	12.19	3000	2022-07-27 22:19:57+03
924	8	12.19	3000	2020-06-27 13:49:25+03
925	5	12.9	500	2020-11-21 05:23:56+03
927	3	12.6	500	2022-01-06 12:56:09+03
928	1	12.19	3000	2023-01-07 07:12:41+03
929	11	12.19	3000	2024-12-04 16:16:22+03
931	1	12.9	500	2016-04-10 01:01:03+03
933	16	12.6	1500	2021-08-26 12:21:04+03
934	10	12.16	1500	2021-06-08 08:41:04+03
936	15	12.16	1500	2025-03-09 10:30:19+03
937	2	12.9	500	2021-10-16 13:02:36+03
938	16	12.19	3000	2019-07-09 14:48:34+03
939	10	12.6	500	2022-06-10 07:02:00+03
940	1	12.16	1500	2017-07-27 17:08:07+03
941	15	12.19	3000	2021-08-16 09:06:20+03
943	1	12.19	3000	2022-05-29 10:24:02+03
944	13	12.19	3000	2024-06-17 23:46:33+03
945	8	12.9	500	2021-08-21 08:02:05+03
946	14	12.9	500	2023-10-23 16:36:24+03
947	3	12.6	1500	2018-08-13 22:59:19+03
950	1	12.9	500	2022-09-24 23:06:32+03
951	15	12.16	1500	2023-09-29 01:50:10+03
954	5	12.19	3000	2019-05-26 11:26:11+03
955	15	12.16	1500	2022-01-04 20:15:04+03
957	3	12.9	500	2021-10-28 01:36:54+03
959	10	12.9	500	2023-04-21 08:42:18+03
961	5	12.19	3000	2018-03-08 05:45:05+03
962	9	12.9	500	2018-03-08 22:26:51+03
964	11	12.6	1500	2024-11-21 22:31:36+03
967	7	12.6	1500	2021-07-08 18:47:17+03
968	5	12.19	3000	2019-04-02 10:15:14+03
970	11	12.19	3000	2022-06-28 05:54:43+03
971	6	12.19	3000	2017-12-19 04:17:36+03
973	9	12.19	3000	2022-09-21 18:42:11+03
974	12	12.9	500	2018-12-17 14:55:37+03
975	6	12.9	500	2019-07-27 06:31:29+03
976	4	12.16	1500	2021-10-20 16:32:52+03
977	7	12.9	500	2020-08-16 06:38:54+03
980	3	12.16	1500	2019-06-30 23:35:07+03
981	5	12.19	3000	2019-11-06 13:58:27+03
983	12	12.6	500	2017-09-14 15:38:48+03
984	13	12.16	1500	2016-03-23 00:51:04+03
985	13	12.19	3000	2024-08-19 02:19:53+03
986	7	12.9	500	2023-12-13 19:33:43+03
987	3	12.6	500	2021-04-08 07:42:18+03
988	13	12.19	3000	2016-12-16 18:47:21+03
989	13	12.16	1500	2022-05-09 20:01:36+03
990	11	12.19	3000	2023-11-12 01:37:33+03
992	10	12.6	1500	2021-06-28 18:47:29+03
994	15	12.9	500	2020-08-28 04:34:35+03
996	14	12.6	500	2021-07-23 23:45:16+03
997	12	12.19	3000	2019-05-27 19:32:57+03
998	9	12.9	500	2021-10-13 09:30:08+03
999	11	12.6	500	2023-08-15 06:31:49+03
1000	11	12.9	500	2024-06-06 03:35:54+03
\.


--
-- TOC entry 4899 (class 0 OID 16470)
-- Dependencies: 218
-- Data for Name: passport_history; Type: TABLE DATA; Schema: public; Owner: postgres
--

COPY public.passport_history (id, client_id, date_start, date_end, details) FROM stdin;
1	1	2020-09-06	\N	4683991498
2	2	2024-12-08	\N	8444083692
3	3	2022-06-29	\N	5520613602
4	4	2020-11-28	\N	1643244910
5	5	2022-07-29	\N	4920831073
6	6	2020-10-16	\N	6861054432
7	7	2020-10-01	\N	3645123992
8	8	2022-05-12	\N	4264320594
9	9	2024-07-19	\N	1919281282
10	10	2024-01-15	\N	4009750305
11	11	2022-03-31	\N	7141524629
12	12	2024-08-05	\N	4023984107
13	13	2020-12-26	\N	5626061311
14	14	2022-12-27	\N	5296683328
15	15	2024-01-10	\N	7376372592
16	16	2021-03-25	\N	8042867914
17	17	2024-12-23	\N	7860952389
18	18	2021-10-26	\N	6798887939
19	19	2022-09-01	\N	5008540639
20	20	2023-12-29	\N	4484562009
21	21	2020-05-23	\N	6104201139
22	22	2023-02-26	\N	6534581541
23	23	2023-06-11	\N	4896332603
24	24	2021-09-24	\N	2684863326
25	25	2022-06-29	\N	4314539477
26	26	2024-05-27	\N	5253318203
27	27	2023-04-02	\N	8289559290
28	28	2024-07-11	\N	9431886424
29	29	2023-07-24	\N	6288402867
30	30	2020-10-16	\N	3928925857
31	31	2022-03-21	\N	1439897774
32	32	2021-09-10	\N	5343756735
33	33	2022-03-29	\N	9588164864
34	34	2022-08-05	\N	5611800876
35	35	2020-08-01	\N	7316353099
36	36	2020-12-07	\N	1540846648
37	37	2023-05-18	\N	3352399010
38	38	2023-05-09	\N	7640207759
39	39	2024-09-04	\N	2127927010
40	40	2023-06-11	\N	8896242440
41	41	2023-02-12	\N	1955622912
42	42	2022-05-30	\N	5820321271
43	43	2024-06-21	\N	5979193339
44	44	2020-12-18	\N	9922296823
45	45	2021-10-04	\N	6501039549
46	46	2025-04-26	\N	9233136811
47	47	2023-05-09	\N	5145354431
48	48	2023-07-06	\N	3153936801
49	49	2024-07-25	\N	6893832869
50	50	2024-05-30	\N	6024130040
51	51	2024-12-21	\N	5743068785
52	52	2021-06-21	\N	1592629618
53	53	2024-09-30	\N	1960685532
54	54	2023-08-21	\N	7887013676
55	55	2024-10-23	\N	8898072719
56	56	2021-11-24	\N	9085262810
57	57	2022-05-28	\N	2721344285
58	58	2024-04-13	\N	4910391668
59	59	2024-02-15	\N	3551183260
60	60	2023-08-16	\N	6866604769
61	61	2021-12-11	\N	8432377478
62	62	2021-08-17	\N	6806627511
63	63	2021-01-17	\N	2074761226
64	64	2024-03-20	\N	3729269204
65	65	2022-02-22	\N	4497135100
66	66	2022-08-23	\N	8067943457
67	67	2022-09-25	\N	5524081958
68	68	2024-11-05	\N	3015629892
69	69	2023-07-10	\N	7730742168
70	70	2021-11-16	\N	1768306456
71	71	2024-02-17	\N	8461768237
72	72	2024-05-16	\N	3592364982
73	73	2022-02-23	\N	4095591008
74	74	2021-03-10	\N	2180470319
75	75	2025-04-15	\N	8342686606
76	76	2020-12-22	\N	1567190994
77	77	2024-12-06	\N	1743245706
78	78	2024-02-17	\N	3023866605
79	79	2024-02-15	\N	7139809993
80	80	2022-07-25	\N	2733127681
81	81	2023-12-05	\N	4732651751
82	82	2022-12-18	\N	6627714962
83	83	2021-01-20	\N	5569455974
84	84	2023-05-07	\N	3990371520
85	85	2021-08-19	\N	9672003765
86	86	2024-05-14	\N	8299411898
87	87	2021-02-13	\N	6089283715
88	88	2023-04-20	\N	7539175067
89	89	2021-01-14	\N	3980069585
90	90	2022-07-12	\N	5167397426
91	91	2023-10-10	\N	1253170282
92	92	2020-08-21	\N	9361147247
93	93	2024-06-13	\N	8178646635
94	94	2020-07-23	\N	6946499358
95	95	2021-10-05	\N	1368309482
96	96	2023-05-25	\N	8087413371
97	97	2024-11-18	\N	8048744188
98	98	2024-10-21	\N	8897436621
99	99	2023-12-05	\N	6526997237
100	100	2024-06-08	\N	8031438906
\.


--
-- TOC entry 4896 (class 0 OID 16399)
-- Dependencies: 215
-- Data for Name: position; Type: TABLE DATA; Schema: public; Owner: postgres
--

COPY public."position" (id, title, responsibilities) FROM stdin;
1	Менеджер по аренде	Прием заявок, оформление договоров, консультация клиентов
2	Старший менеджер	Контроль работы менеджеров, работа с ключевыми клиентами, отчетность
3	Администратор	Встреча клиентов, прием платежей, контроль состояния авто
\.


--
-- TOC entry 4897 (class 0 OID 16415)
-- Dependencies: 216
-- Data for Name: positions_history; Type: TABLE DATA; Schema: public; Owner: postgres
--

COPY public.positions_history (id, emp_pos_id, emp_id, salary, date_start, date_end) FROM stdin;
\.


--
-- TOC entry 4703 (class 2606 OID 16703)
-- Name: accident accident_damage_check; Type: CHECK CONSTRAINT; Schema: public; Owner: postgres
--

ALTER TABLE public.accident
    ADD CONSTRAINT accident_damage_check CHECK ((damage >= 0)) NOT VALID;


--
-- TOC entry 4731 (class 2606 OID 16597)
-- Name: accident accident_pkey; Type: CONSTRAINT; Schema: public; Owner: postgres
--

ALTER TABLE ONLY public.accident
    ADD CONSTRAINT accident_pkey PRIMARY KEY (id);


--
-- TOC entry 4719 (class 2606 OID 16498)
-- Name: brand brand_pkey; Type: CONSTRAINT; Schema: public; Owner: postgres
--

ALTER TABLE ONLY public.brand
    ADD CONSTRAINT brand_pkey PRIMARY KEY (id);


--
-- TOC entry 4727 (class 2606 OID 16565)
-- Name: car_body car_body_pkey; Type: CONSTRAINT; Schema: public; Owner: postgres
--

ALTER TABLE ONLY public.car_body
    ADD CONSTRAINT car_body_pkey PRIMARY KEY (id);


--
-- TOC entry 4721 (class 2606 OID 16517)
-- Name: car_info car_info_pkey; Type: CONSTRAINT; Schema: public; Owner: postgres
--

ALTER TABLE ONLY public.car_info
    ADD CONSTRAINT car_info_pkey PRIMARY KEY (id);


--
-- TOC entry 4701 (class 2606 OID 16701)
-- Name: car_instance car_instance_mileage_check; Type: CHECK CONSTRAINT; Schema: public; Owner: postgres
--

ALTER TABLE public.car_instance
    ADD CONSTRAINT car_instance_mileage_check CHECK ((mileage >= 0)) NOT VALID;


--
-- TOC entry 4729 (class 2606 OID 16587)
-- Name: car_instance car_instance_pkey; Type: CONSTRAINT; Schema: public; Owner: postgres
--

ALTER TABLE ONLY public.car_instance
    ADD CONSTRAINT car_instance_pkey PRIMARY KEY (id);


--
-- TOC entry 4702 (class 2606 OID 16700)
-- Name: car_instance car_instance_price_check; Type: CHECK CONSTRAINT; Schema: public; Owner: postgres
--

ALTER TABLE public.car_instance
    ADD CONSTRAINT car_instance_price_check CHECK ((price > 0)) NOT VALID;


--
-- TOC entry 4695 (class 2606 OID 16426)
-- Name: positions_history check_date; Type: CHECK CONSTRAINT; Schema: public; Owner: postgres
--

ALTER TABLE public.positions_history
    ADD CONSTRAINT check_date CHECK ((date_start <= date_end)) NOT VALID;


--
-- TOC entry 4696 (class 2606 OID 16425)
-- Name: positions_history check_salary; Type: CHECK CONSTRAINT; Schema: public; Owner: postgres
--

ALTER TABLE public.positions_history
    ADD CONSTRAINT check_salary CHECK ((salary >= 0)) NOT VALID;


--
-- TOC entry 4717 (class 2606 OID 16486)
-- Name: client client_pkey; Type: CONSTRAINT; Schema: public; Owner: postgres
--

ALTER TABLE ONLY public.client
    ADD CONSTRAINT client_pkey PRIMARY KEY (id);


--
-- TOC entry 4705 (class 2606 OID 16696)
-- Name: contract collateral_value_check; Type: CHECK CONSTRAINT; Schema: public; Owner: postgres
--

ALTER TABLE public.contract
    ADD CONSTRAINT collateral_value_check CHECK ((collateral_value > 0)) NOT VALID;


--
-- TOC entry 4737 (class 2606 OID 16668)
-- Name: contract_history contract_history_pkey; Type: CONSTRAINT; Schema: public; Owner: postgres
--

ALTER TABLE ONLY public.contract_history
    ADD CONSTRAINT contract_history_pkey PRIMARY KEY (id);


--
-- TOC entry 4706 (class 2606 OID 16697)
-- Name: contract contract_insurance_cost_check; Type: CHECK CONSTRAINT; Schema: public; Owner: postgres
--

ALTER TABLE public.contract
    ADD CONSTRAINT contract_insurance_cost_check CHECK ((insurance_cost > 0)) NOT VALID;


--
-- TOC entry 4735 (class 2606 OID 16620)
-- Name: contract contract_pkey; Type: CONSTRAINT; Schema: public; Owner: postgres
--

ALTER TABLE ONLY public.contract
    ADD CONSTRAINT contract_pkey PRIMARY KEY (id);


--
-- TOC entry 4709 (class 2606 OID 16403)
-- Name: position emp_position_pkey; Type: CONSTRAINT; Schema: public; Owner: postgres
--

ALTER TABLE ONLY public."position"
    ADD CONSTRAINT emp_position_pkey PRIMARY KEY (id);


--
-- TOC entry 4711 (class 2606 OID 16419)
-- Name: positions_history emp_positions_history_pkey; Type: CONSTRAINT; Schema: public; Owner: postgres
--

ALTER TABLE ONLY public.positions_history
    ADD CONSTRAINT emp_positions_history_pkey PRIMARY KEY (id);


--
-- TOC entry 4713 (class 2606 OID 16451)
-- Name: employee employee_pkey; Type: CONSTRAINT; Schema: public; Owner: postgres
--

ALTER TABLE ONLY public.employee
    ADD CONSTRAINT employee_pkey PRIMARY KEY (id);


--
-- TOC entry 4725 (class 2606 OID 16553)
-- Name: engine engine_pkey; Type: CONSTRAINT; Schema: public; Owner: postgres
--

ALTER TABLE ONLY public.engine
    ADD CONSTRAINT engine_pkey PRIMARY KEY (id);


--
-- TOC entry 4704 (class 2606 OID 16702)
-- Name: fine fine_cost_check; Type: CHECK CONSTRAINT; Schema: public; Owner: postgres
--

ALTER TABLE public.fine
    ADD CONSTRAINT fine_cost_check CHECK ((cost > 0)) NOT VALID;


--
-- TOC entry 4733 (class 2606 OID 16609)
-- Name: fine fine_pkey; Type: CONSTRAINT; Schema: public; Owner: postgres
--

ALTER TABLE ONLY public.fine
    ADD CONSTRAINT fine_pkey PRIMARY KEY (id);


--
-- TOC entry 4715 (class 2606 OID 16478)
-- Name: passport_history passport_history_pkey; Type: CONSTRAINT; Schema: public; Owner: postgres
--

ALTER TABLE ONLY public.passport_history
    ADD CONSTRAINT passport_history_pkey PRIMARY KEY (client_id);


--
-- TOC entry 4700 (class 2606 OID 16694)
-- Name: engine power_check; Type: CHECK CONSTRAINT; Schema: public; Owner: postgres
--

ALTER TABLE public.engine
    ADD CONSTRAINT power_check CHECK ((power > 0)) NOT VALID;


--
-- TOC entry 4707 (class 2606 OID 16695)
-- Name: contract price_check; Type: CHECK CONSTRAINT; Schema: public; Owner: postgres
--

ALTER TABLE public.contract
    ADD CONSTRAINT price_check CHECK ((price > 0)) NOT VALID;


--
-- TOC entry 4723 (class 2606 OID 16534)
-- Name: car specs_pkey; Type: CONSTRAINT; Schema: public; Owner: postgres
--

ALTER TABLE ONLY public.car
    ADD CONSTRAINT specs_pkey PRIMARY KEY (id);


--
-- TOC entry 4746 (class 2606 OID 16598)
-- Name: accident accident_instance_id_fkey; Type: FK CONSTRAINT; Schema: public; Owner: postgres
--

ALTER TABLE ONLY public.accident
    ADD CONSTRAINT accident_instance_id_fkey FOREIGN KEY (instance_id) REFERENCES public.car_instance(id);


--
-- TOC entry 4741 (class 2606 OID 16518)
-- Name: car_info car_info_brand_id_fkey; Type: FK CONSTRAINT; Schema: public; Owner: postgres
--

ALTER TABLE ONLY public.car_info
    ADD CONSTRAINT car_info_brand_id_fkey FOREIGN KEY (brand_id) REFERENCES public.brand(id);


--
-- TOC entry 4745 (class 2606 OID 16654)
-- Name: car_instance car_instance_car_id_fkey; Type: FK CONSTRAINT; Schema: public; Owner: postgres
--

ALTER TABLE ONLY public.car_instance
    ADD CONSTRAINT car_instance_car_id_fkey FOREIGN KEY (car_id) REFERENCES public.car(id) NOT VALID;


--
-- TOC entry 4748 (class 2606 OID 16679)
-- Name: contract contract_client_id_fkey; Type: FK CONSTRAINT; Schema: public; Owner: postgres
--

ALTER TABLE ONLY public.contract
    ADD CONSTRAINT contract_client_id_fkey FOREIGN KEY (client_id) REFERENCES public.client(id) NOT VALID;


--
-- TOC entry 4749 (class 2606 OID 16659)
-- Name: contract contract_emp_returned_fkey; Type: FK CONSTRAINT; Schema: public; Owner: postgres
--

ALTER TABLE ONLY public.contract
    ADD CONSTRAINT contract_emp_returned_fkey FOREIGN KEY (emp_returned) REFERENCES public.employee(id) NOT VALID;


--
-- TOC entry 4751 (class 2606 OID 16669)
-- Name: contract_history contract_history_contract_id_fkey; Type: FK CONSTRAINT; Schema: public; Owner: postgres
--

ALTER TABLE ONLY public.contract_history
    ADD CONSTRAINT contract_history_contract_id_fkey FOREIGN KEY (contract_id) REFERENCES public.contract(id);


--
-- TOC entry 4752 (class 2606 OID 16674)
-- Name: contract_history contract_history_emp_id_fkey; Type: FK CONSTRAINT; Schema: public; Owner: postgres
--

ALTER TABLE ONLY public.contract_history
    ADD CONSTRAINT contract_history_emp_id_fkey FOREIGN KEY (emp_id) REFERENCES public.employee(id);


--
-- TOC entry 4750 (class 2606 OID 16684)
-- Name: contract contract_instance_id_fkey; Type: FK CONSTRAINT; Schema: public; Owner: postgres
--

ALTER TABLE ONLY public.contract
    ADD CONSTRAINT contract_instance_id_fkey FOREIGN KEY (instance_id) REFERENCES public.car_instance(id) NOT VALID;


--
-- TOC entry 4738 (class 2606 OID 16420)
-- Name: positions_history emp_pos_id; Type: FK CONSTRAINT; Schema: public; Owner: postgres
--

ALTER TABLE ONLY public.positions_history
    ADD CONSTRAINT emp_pos_id FOREIGN KEY (emp_pos_id) REFERENCES public."position"(id);


--
-- TOC entry 4747 (class 2606 OID 16610)
-- Name: fine fine_instance_id_fkey; Type: FK CONSTRAINT; Schema: public; Owner: postgres
--

ALTER TABLE ONLY public.fine
    ADD CONSTRAINT fine_instance_id_fkey FOREIGN KEY (instance_id) REFERENCES public.car_instance(id);


--
-- TOC entry 4740 (class 2606 OID 16487)
-- Name: passport_history passport_history_client_id_fkey; Type: FK CONSTRAINT; Schema: public; Owner: postgres
--

ALTER TABLE ONLY public.passport_history
    ADD CONSTRAINT passport_history_client_id_fkey FOREIGN KEY (client_id) REFERENCES public.client(id) NOT VALID;


--
-- TOC entry 4739 (class 2606 OID 16689)
-- Name: positions_history positions_history_emp_id_fkey; Type: FK CONSTRAINT; Schema: public; Owner: postgres
--

ALTER TABLE ONLY public.positions_history
    ADD CONSTRAINT positions_history_emp_id_fkey FOREIGN KEY (emp_id) REFERENCES public.employee(id) NOT VALID;


--
-- TOC entry 4742 (class 2606 OID 16571)
-- Name: car specs_car_body_id_fkey; Type: FK CONSTRAINT; Schema: public; Owner: postgres
--

ALTER TABLE ONLY public.car
    ADD CONSTRAINT specs_car_body_id_fkey FOREIGN KEY (car_body_id) REFERENCES public.car_body(id) NOT VALID;


--
-- TOC entry 4743 (class 2606 OID 16576)
-- Name: car specs_engine_id_fkey; Type: FK CONSTRAINT; Schema: public; Owner: postgres
--

ALTER TABLE ONLY public.car
    ADD CONSTRAINT specs_engine_id_fkey FOREIGN KEY (engine_id) REFERENCES public.engine(id) NOT VALID;


--
-- TOC entry 4744 (class 2606 OID 16649)
-- Name: car specs_info_id_fkey; Type: FK CONSTRAINT; Schema: public; Owner: postgres
--

ALTER TABLE ONLY public.car
    ADD CONSTRAINT specs_info_id_fkey FOREIGN KEY (info_id) REFERENCES public.car_info(id) NOT VALID;


-- Completed on 2025-04-03 16:02:18

--
-- PostgreSQL database dump complete
--

